,cloudnum,x,y,corrected_y,nearest_neighbor,nearest_neighbor_corr,min_distance,min_distance_corr,true_dist,true_dist_corr
0,1,169.55495368304742,-32.78836698893571,-32.65255255366685,11.0,5.0,0.0015364317023458865,0.003033075884742813,10847.20773064663,21413.515572730266
1,2,169.55657412261442,-32.78916657303064,-32.65813699778279,11.0,7.0,0.001128198655260317,0.0009576667177665987,7965.082441581794,6761.126972634058
2,3,169.55847604935636,-32.78720978534559,-32.661698234077555,8.0,8.0,0.0014651099396430257,0.001417531631318781,10343.6760900455,10007.773235998784
3,4,169.5599453111697,-32.786335422228525,-32.66500291919531,3.0,8.0,0.0017097488519265162,0.002400751099550972,12070.82679676859,16949.30262545778
4,5,169.55533145672416,-32.78421657586206,-32.64954309584662,11.0,1.0,0.003989742160635528,0.003033075884742813,28167.57942579195,21413.515572730266
5,6,169.56705827497188,-32.78503823435887,-32.682927923601405,22.0,22.0,0.0018382496308897295,0.0010309514851986024,12978.042288896002,7278.517426510616
6,7,169.55649621555338,-32.79035406142396,-32.659091490334966,10.0,2.0,0.0009679242889290786,0.0009576667177665987,6833.5454244542225,6761.126972634058
7,8,169.55846140682223,-32.788674822113535,-32.6631156900811,3.0,3.0,0.0014651099396430257,0.001417531631318781,10343.6760900455,10007.773235998784
8,9,169.5605366822828,-32.78814836309392,-32.668470040945714,4.0,15.0,0.001906954214129732,0.0010415091400943451,13463.096642639111,7353.054469470446
9,10,169.5569259121732,-32.79122137811584,-32.66121181609829,7.0,21.0,0.0009679242889290786,0.001231419628793946,6833.5454244542225,8693.822508822863
10,11,169.55645590740235,-32.78804458489819,-32.65667309536766,2.0,16.0,0.001128198655260317,0.0013732484154544578,7965.082441581794,9695.133734530567
11,12,169.56464628999427,-32.78746753682015,-32.67901787320617,25.0,18.0,0.0012898340706027215,0.0005940248546201088,9106.228464650316,4193.815439627593
12,13,169.56197898649546,-32.79225316526266,-32.67656321970291,24.0,28.0,0.0015167919825428433,0.0005188424893082728,10708.55130996094,3663.0279448280003
13,14,169.56322745747696,-32.78850069371966,-32.67623405310335,18.0,13.0,0.001102437057419759,0.001291135330591281,7783.205562301544,9115.415360095089
14,15,169.55959015713702,-32.791258360224944,-32.66890458833937,39.0,9.0,0.0014622070968203444,0.0010415091400943451,10323.18201988347,7353.054469470446
15,16,169.5551920756846,-32.79125248157034,-32.65613593561511,7.0,11.0,0.0015836475481482198,0.0013732484154544578,11180.551599309392,9695.133734530567
16,17,169.56131076427792,-32.79070881778151,-32.67317809439775,39.0,23.0,0.0006961840439322065,0.0008529518786978364,4915.059310325407,6021.840214800427
17,18,169.5641087145709,-32.789163078351095,-32.679270614560295,32.0,12.0,0.0006337571253809814,0.0005940248546201088,4474.325268925855,4193.815439627593
18,19,169.55014654427447,-32.781363537419786,-32.630872773740165,5.0,85.0,0.005918035608550907,0.006005530629290089,41781.33105773669,42399.04589914881
19,20,169.55926260151534,-32.79608647141687,-32.672785789704825,41.0,52.0,0.0009599837423405258,0.0006987422364589897,6777.485165993402,4933.120149418116
20,21,169.55588709206324,-32.793617814908515,-32.6605505694867,35.0,10.0,0.0015138470758633373,0.001231419628793946,10687.760268972137,8693.822508822863
21,22,169.5667401448182,-32.786848746692655,-32.68390856327537,29.0,6.0,0.0014065944404960471,0.0010309514851986024,9930.556669416113,7278.517426510616
22,23,169.56060784060972,-32.793158734194535,-32.67366123539586,28.0,17.0,0.001014427633823865,0.0008529518786978364,7161.859036750472,6021.840214800427
23,24,169.56349116087134,-32.7923714301148,-32.68080538351079,13.0,18.0,0.0015167919825428433,0.0016543543463325642,10708.55130996094,11679.741590444988
24,25,169.56523674368555,-32.78861428717143,-32.68172848115812,18.0,24.0,0.0012544406890669716,0.0019746312637474446,8856.351193033148,13940.896609067651
25,26,169.56334605779847,-32.79814064851985,-32.68616239083599,30.0,30.0,0.0015170022861211883,0.0013906515648150625,10710.036053212023,9817.99996802062
26,27,169.55800715569373,-32.79408150154929,-32.667195870598455,49.0,57.0,0.0012859727738370804,0.0013630603016221991,9078.967709705836,9623.20565145779
27,28,169.56146047751236,-32.79370834654568,-32.67658181978759,23.0,13.0,0.001014427633823865,0.0005188424893082728,7161.859036750472,3663.0279448280003
28,29,169.5673985896017,-32.788091710242846,-32.68684997145857,22.0,42.0,0.0014065944404960471,0.0020642213152267633,9930.556669416113,14573.402367385257
29,30,169.5624867060924,-32.799390772746214,-32.685069035257975,44.0,26.0,0.001398267289590592,0.0013906515648150625,9871.766984500084,9817.99996802062
30,31,169.5605712669868,-32.798000231718675,-32.67838275780892,44.0,45.0,0.0009736349065250207,0.0010329050882675846,6873.862384354809,7292.3098640658445
31,32,169.56364707410893,-32.789597285879644,-32.67846163121938,18.0,18.0,0.0006337571253809814,0.0009314322100958154,4474.325268925855,6575.911349979478
32,33,169.5728587806373,-32.7816408192334,-32.693987056510046,6.0,37.0,0.006722224000222661,0.005714092672603519,47458.90105692324,40341.49394161784
33,34,169.56880244225516,-32.79791383067445,-32.70022504803777,37.0,50.0,0.0026308921766550366,0.0009624580018243406,18574.0986166437,6794.953437807556
34,35,169.5563134967942,-32.795070368513215,-32.6632527372792,57.0,10.0,0.0011271190024701285,0.00213082422155142,7957.460092944841,15043.618882226285
35,36,169.56536081478885,-32.795234516794,-32.688655155405144,40.0,40.0,0.001427712413740208,0.0012423708055732947,10079.649559311509,8771.137816258433
36,37,169.56714480513983,-32.79587083462965,-32.69395046299203,36.0,43.0,0.0018940754896223293,0.0010508940319873229,13372.172848353775,7419.31180569786
37,38,169.5651838900258,-32.79135296842827,-32.68431836124135,42.0,22.0,0.001957322496672122,0.0016093052388559952,13818.696714506288,11361.694894238142
38,39,169.5607236660925,-32.79033466815406,-32.67117117519577,17.0,49.0,0.0006961840439322065,0.001673890768337679,4915.059310325407,11817.668728683215
39,40,169.5652923514688,-32.79666058674675,-32.68989563837252,36.0,51.0,0.001427712413740208,0.001211744429511275,10079.649559311509,8554.915603013029
40,41,169.5583790669592,-32.79571105768025,-32.6698887749374,48.0,48.0,0.0007325472527210785,0.00028604595353338546,5171.783562294124,2019.4844155780206
41,42,169.56534141178105,-32.79330394209611,-32.68667959231542,36.0,36.0,0.001930672199218218,0.0019756583708183196,13630.54561600667,13948.147984929257
42,43,169.5661283153688,-32.798789883007196,-32.694217159095906,51.0,47.0,0.001671533234305674,0.0009509792043686527,11801.02453855216,6713.913128427222
43,44,169.5614010261108,-32.79850960852163,-32.68120122054802,56.0,56.0,0.0009735987972378347,0.00036950120838994603,6873.6074527893425,2608.67851008999
44,45,169.56156739160517,-32.79494462982264,-32.6781095753313,28.0,31.0,0.001240897644502461,0.0010329050882675846,8760.737299182643,7292.3098640658445
45,46,169.56674024163343,-32.80429520248218,-32.70130049426502,53.0,70.0,0.0014971388288817305,0.001319879191885075,10569.800046238046,9318.347019184537
46,47,169.56523034390733,-32.80147488902601,-32.694530222510494,54.0,43.0,0.0009624375766010252,0.0009509792043686527,6794.809235732118,6713.913128427222
47,48,169.55810960640855,-32.79639224523821,-32.66979278900519,41.0,41.0,0.0007325472527210785,0.00028604595353338546,5171.783562294124,2019.4844155780206
48,49,169.55906400331165,-32.794814167289964,-32.670953391454105,41.0,41.0,0.0011285168049725357,0.0012659171120427953,7967.328578531852,8937.374738585777
49,50,169.56801386897374,-32.80047829362082,-32.7007768429137,73.0,34.0,0.0014273890742541621,0.0009624580018243406,10077.366782558527,6794.953437807556
50,51,169.5646086025481,-32.79948594068875,-32.69089604427809,43.0,54.0,0.001671533234305674,0.0010000603618049197,11801.02453855216,7060.42609711882
51,52,169.5587140881324,-32.79722127033705,-32.67235292277175,48.0,20.0,0.0010260023240606085,0.0006987422364589897,7243.576349159572,4933.120149418116
52,53,169.56658584262843,-32.802806046472824,-32.69941459896033,46.0,59.0,0.0014971388288817305,0.0017327543818958413,10569.800046238046,12233.245837035638
53,54,169.56428223980927,-32.80130940576976,-32.69184135274095,47.0,51.0,0.0009624375766010252,0.0010000603618049197,6794.809235732118,7060.42609711882
54,55,169.560459335268,-32.80123657268018,-32.68129380862402,56.0,56.0,0.0019127993219856753,0.0006122348504890244,13504.363103767613,4322.378009420153
55,56,169.56104312523578,-32.79941503747061,-32.68110936138041,44.0,44.0,0.0009735987972378347,0.00036950120838994603,6873.6074527893425,2608.67851008999
56,57,169.5570396342483,-32.795932413548854,-32.66623574787792,35.0,27.0,0.0011271190024701285,0.0013630603016221991,7957.460092944841,9623.20565145779
57,58,169.57994572258917,-32.78571041517315,-32.71420451520793,64.0,94.0,0.005026075418664863,0.00433572168332949,35484.09216817959,30610.194836214214
58,59,169.56511537189243,-32.80576118130242,-32.69849800004992,72.0,72.0,0.0009504731820527884,0.0006040893526839032,6710.340610906174,4264.870795382087
59,60,169.5683787574059,-32.80517832459528,-32.70639301551565,46.0,84.0,0.0018613539704424753,0.001215973702235024,13141.158924816347,8584.774268200696
60,61,169.55940575550878,-32.799205009813754,-32.67629903504793,56.0,28.0,0.001650785037357337,0.002074090094709595,11654.542269284122,14643.075949969354
61,62,169.57371470494618,-32.79202407929785,-32.70638172596319,75.0,75.0,0.0009878837346573477,0.0005202074435486693,6974.459110153714,3672.6645216870966
62,63,169.5722625442501,-32.79161837797881,-32.70250330937993,62.0,75.0,0.0015077679687351562,0.003782978320163495,10644.841772995027,26707.826723890517
63,64,169.57562001158135,-32.788269645211834,-32.70708979557298,69.0,69.0,0.0009414704494187772,0.0006920428079755639,6646.781319025195,4885.822184708474
64,65,169.56209796950202,-32.80297113897249,-32.6875707101863,88.0,88.0,0.0014150025516248537,0.0012537977737493056,9989.917933504372,8851.812210927214
65,66,169.55890779664918,-32.80269140709281,-32.67835556563212,55.0,31.0,0.0021269262455183356,0.0016636925733628492,15016.099171655753,11745.669472744463
66,67,169.57102584762103,-32.80039350282681,-32.7082410533249,68.0,76.0,0.0028297972670477344,0.0026667236581117888,19978.368543434706,18827.068873678076
67,68,169.57345742364308,-32.798946025496555,-32.712675031406725,80.0,82.0,0.0022280942799994,0.0022056112884866665,15730.345489303185,15571.615570509775
68,69,169.5755119465287,-32.7892048930675,-32.707773348930424,64.0,64.0,0.0009414704494187772,0.0006920428079755639,6646.781319025195,4885.822184708474
69,70,169.56551671670113,-32.8080047719356,-32.70179553751688,83.0,46.0,0.0013722906953824198,0.001319879191885075,9688.372230876781,9318.347019184537
70,71,169.5519631794251,-32.798792415454905,-32.65387049711438,74.0,74.0,0.0012394483849418553,0.0020077349338507686,8750.505526767693,14174.608518102912
71,72,169.56465587758325,-32.80659320549055,-32.698105840738094,59.0,59.0,0.0009504731820527884,0.0006040893526839032,6710.340610906174,4264.870795382087
72,73,169.56842182950606,-32.80184614148274,-32.70318039746298,50.0,50.0,0.0014273890742541621,0.002437930734724194,10077.366782558527,17211.790847653294
73,74,169.55221803575182,-32.80000537899585,-32.655861990980135,71.0,71.0,0.0012394483849418553,0.0020077349338507686,8750.505526767693,14174.608518102912
74,75,169.57392013322033,-32.79105779078122,-32.70590379813547,62.0,62.0,0.0009878837346573477,0.0005202074435486693,6974.459110153714,3672.6645216870966
75,76,169.56838685667773,-32.807396026965364,-32.7086246440833,84.0,132.0,0.001290048487849056,0.0019608578493161347,9107.74225039717,13843.656303970725
76,77,169.55208969725018,-32.80260252960811,-32.658053217056974,74.0,74.0,0.002600319609926142,0.002194981205118084,18358.25629728708,15496.56718253584
77,78,169.56396847407507,-32.80789641626009,-32.69756447081793,86.0,72.0,0.0008148736625860901,0.0008749885562208996,5753.008011230351,6177.419156852304
78,79,169.57369830250948,-32.80136110896737,-32.71565550687071,93.0,93.0,0.0012578824505850418,0.0006255945302501846,8880.650029153783,4416.697347769497
79,80,169.5753547886343,-32.80011410520732,-32.7182919964196,79.0,94.0,0.0020733944774781444,0.0018216906518550907,14638.164892355115,12861.135897858965
80,81,169.54334854991103,-32.80003990418397,-32.627368266455804,85.0,85.0,0.0008904579339718776,0.0031813402205736387,6286.632962889044,22460.26177521214
81,82,169.57553577886452,-32.793323416827874,-32.71193668140205,62.0,68.0,0.0022370937023211894,0.0022056112884866665,15793.881410380069,15571.615570509775
82,83,169.56573046700117,-32.80936031336317,-32.70370978754794,95.0,113.0,0.0012754534463108116,0.0012538480385095375,9004.701257972298,8852.167080131574
83,84,169.56720091021825,-32.807903723820026,-32.706090909496055,76.0,60.0,0.001290048487849056,0.001215973702235024,9107.74225039717,8584.774268200696
84,85,169.54415624184247,-32.80041480293838,-32.63044536888226,81.0,81.0,0.0008904579339718776,0.0031813402205736387,6286.632962889044,22460.26177521214
85,86,169.56324417555297,-32.80826979373244,-32.6959808098471,78.0,147.0,0.0008148736625860901,0.0013272037658842223,5753.008011230351,9370.0585111994
86,87,169.56249484590626,-32.8066120954674,-32.69228746342296,102.0,129.0,0.0005178113586346094,0.0014732144615130659,3655.7481623309386,10400.894013984238
87,88,169.5620411081795,-32.80438499858755,-32.68882321792977,65.0,65.0,0.0014150025516248537,0.0012537977737493056,9989.917933504372,8851.812210927214
88,89,169.5786546859897,-32.794506732485324,-32.72015960564761,108.0,100.0,0.0014955529069069918,0.0018673717219931212,10558.60343718714,13183.644250419567
89,90,169.57096978207457,-32.80815440325007,-32.71584231327331,110.0,110.0,0.000938757110945571,0.00046617179920484735,6627.625149559619,3291.172875711658
90,91,169.5608778306393,-32.806954017021354,-32.688160532713134,98.0,88.0,0.0008691253328089317,0.0013387928636974763,6136.024799899307,9451.87754109784
91,92,169.56043858833428,-32.80600092542706,-32.68598258046777,91.0,124.0,0.0010494367011117255,0.0021623389267578113,7409.023049799533,15266.112699180121
92,93,169.57341883537364,-32.802587553576586,-32.716215209145375,79.0,79.0,0.0012578824505850418,0.0006255945302501846,8880.650029153783,4416.697347769497
93,94,169.57681902227873,-32.79566454055682,-32.71720821753738,100.0,80.0,0.0019944644541624135,0.0018216906518550907,14080.918932262468,12861.135897858965
94,95,169.5657809857127,-32.810634765933294,-32.70511300793,113.0,123.0,0.0011049529154277802,0.0007011965080565764,7800.967519694215,4950.447306756643
95,96,169.57157505493905,-32.80678439628841,-32.71595871543516,106.0,90.0,0.0014079502265288315,0.0006163640999871418,9940.128518729993,4351.530510640585
96,97,169.5683432699603,-32.81009398998861,-32.71120356679484,101.0,161.0,0.001575792176357642,0.002070479110044941,11125.092674917401,14617.58239844352
97,98,169.56116270366095,-32.80777512980634,-32.68977197218907,91.0,114.0,0.0008691253328089317,0.0009293832175284458,6136.024799899307,6561.445462571093
98,99,169.5759745544163,-32.805235346961894,-32.72482937800581,118.0,118.0,0.0009543878415145925,0.0003970839056404534,6737.978106482513,2803.4123511002776
99,100,169.5784619467645,-32.796795331250536,-32.72201700402684,116.0,116.0,0.0008335382626279781,0.0009023772954901814,5884.780086458083,6370.783654526237
100,101,169.5693584912266,-32.81129916498151,-32.714972563459874,109.0,117.0,0.0009994381848593067,0.0010581274301713608,7056.033527918394,7470.37959646327
101,102,169.56199262669097,-32.806485982569875,-32.690783376625255,87.0,114.0,0.0005178113586346094,0.0012616289186909559,3655.7481623309386,8907.100093767163
102,103,169.5728685909126,-32.804794307601966,-32.71710215262516,106.0,106.0,0.0011723409662133162,0.0008025731557711934,8276.727154384123,5666.166433821021
103,104,169.56355922049886,-32.810453078438954,-32.69900948494076,113.0,72.0,0.0013704873662248986,0.0014209959907585399,9675.640727127868,10032.231613445249
104,105,169.5584483794098,-32.80943415504548,-32.68375815604436,124.0,92.0,0.0016698081486628846,0.0029847940596457057,11788.845434012777,21072.645890307398
105,106,169.5727137904166,-32.80595638339446,-32.71788965530884,103.0,103.0,0.0011723409662133162,0.0008025731557711934,8276.727154384123,5666.166433821021
106,107,169.57632753252122,-32.802837206550976,-32.72324525497157,118.0,118.0,0.00153002787252154,0.0016227951285743298,10801.996692453176,11456.933514877686
107,108,169.57938496871813,-32.79581186298988,-32.723064846330004,116.0,116.0,0.0005156751275759919,0.00049455396264499,3640.6663711793353,3491.5509479750244
108,109,169.56952225231976,-32.81228509550124,-32.716366599038665,117.0,117.0,0.00041824857423036847,0.00043122241392252943,2952.834910134026,3044.4302176183132
109,110,169.57076933529436,-32.80907151066017,-32.716263190018545,90.0,90.0,0.000938757110945571,0.00046617179920484735,6627.625149559619,3291.172875711658
110,111,169.57812235878316,-32.8051838243939,-32.72963262848058,151.0,126.0,0.0012792102166989084,0.0010267255364279444,9031.224056697298,7248.682228431581
111,112,169.5703930620424,-32.81182045070216,-32.71807405955693,122.0,219.0,0.0007413644546865545,0.0013295375034575211,5234.03300766586,9386.534698333353
112,113,169.56477349503137,-32.8110885097733,-32.702899639689406,137.0,152.0,0.0010012380664265203,0.0008709232113922538,7068.740691679932,6148.7178225946855
113,114,169.5607441377387,-32.80977871589851,-32.69060176477385,129.0,98.0,0.0011908740736240103,0.0009293832175284458,8407.570891643152,6561.445462571093
114,115,169.57170900807,-32.80915259935394,-32.71864687049165,110.0,106.0,0.0009431650447003032,0.001258158335473691,6658.745161615804,8882.597776451861
115,116,169.579044517862,-32.79619917946482,-32.72270613079294,108.0,108.0,0.0005156751275759919,0.00049455396264499,3640.6663711793353,3491.5509479750244
116,117,169.56925791030767,-32.812609217654895,-32.7160258996537,109.0,109.0,0.00041824857423036847,0.00043122241392252943,2952.834910134026,3044.4302176183132
117,118,169.57636980419036,-32.80436665037037,-32.724867499446155,99.0,99.0,0.0009543878415145925,0.0003970839056404534,6737.978106482513,2803.4123511002776
118,119,169.57004731012165,-32.81051431347554,-32.7159127705621,101.0,109.0,0.0010442525348789348,0.0006940071912252336,7372.42283649267,4899.69073033874
119,120,169.57446972365216,-32.807476999466836,-32.72357400921361,145.0,141.0,0.0011129057509435423,0.0012906371999237111,7857.114537980431,9111.898557610548
120,121,169.5608233134017,-32.81177856117694,-32.69281546945135,127.0,129.0,0.0005773174509065841,0.00030043899254116095,4075.8611703661145,2121.099270149339
121,122,169.57093223665032,-32.81232928466019,-32.719913073751584,112.0,179.0,0.0007413644546865545,0.0005746394640481984,5234.03300766586,4056.9545832991466
122,123,169.56561644482076,-32.81175306885329,-32.70579462573918,132.0,95.0,0.0010635207982651073,0.0007011965080565764,7508.456774896509,4950.447306756643
123,124,169.55942426913933,-32.81078910836171,-32.687892257457456,144.0,91.0,0.0006894013401181626,0.0014781111754562431,4867.173421786367,10435.464814142877
124,125,169.5774129623467,-32.807810865764424,-32.730666753175356,139.0,111.0,0.0010734899136569873,0.0012540562939564604,7578.838728992744,8853.637363574933
125,126,169.57896857089443,-32.80389115744249,-32.730214083887205,151.0,111.0,0.0007389025421273569,0.0010267255364279444,5216.651905138798,7248.682228431581
126,127,169.56075687712448,-32.81235204322565,-32.693201338145705,121.0,121.0,0.0005773174509065841,0.00039154620189364085,4075.8611703661145,2764.316162964651
127,128,169.57150707753672,-32.81134167812875,-32.72033745109279,148.0,122.0,0.0010164669305604932,0.000714519539554843,7176.256471594377,5044.507908372056
128,129,169.56106306869825,-32.810926088593966,-32.692634414249774,121.0,121.0,0.0008855462195450786,0.00030043899254116095,6251.956259316894,2121.099270149339
129,130,169.57877732010957,-32.802635015585444,-32.72853993531595,126.0,111.0,0.0012706176560008068,0.001273951604698276,8970.56057866037,8994.098256273734
130,131,169.57102638127049,-32.81327685881699,-32.72108952530668,179.0,197.0,0.0007356754972166062,0.000637494017005503,5193.8689682535505,4500.70772358115
131,132,169.5664261013802,-32.812442657675795,-32.7086045899473,143.0,143.0,0.0007576895216585178,0.00026926457306541545,5349.287979553794,1901.0078704343907
132,133,169.57377020934481,-32.81143462699439,-32.72587306488998,148.0,171.0,0.0014590629040826465,0.001120064447560115,10300.984019335236,7907.65493568381
133,134,169.5516469946847,-32.80912238759167,-32.663179082568874,77.0,35.0,0.006534870594534851,0.004667083345552121,46136.18602348775,32949.60815254532
134,135,169.58559559144408,-32.80500287868099,-32.74516686524743,150.0,150.0,0.001343707390906692,0.002409444623465998,9486.574102913692,17010.67890380042
135,136,169.5777051742115,-32.80370949964181,-32.727230600089136,126.0,140.0,0.0012763897269198066,0.0011903724296276562,9011.311399018228,8404.029285057597
136,137,169.56411277613108,-32.8118407917686,-32.70188322531087,113.0,113.0,0.0010012380664265203,0.0012122902515866942,7068.740691679932,8558.769106834256
137,138,169.57315552744575,-32.808175225665096,-32.72116055256694,120.0,148.0,0.001488163799074041,0.001190651191648182,10506.436336309313,8405.997344906556
138,139,169.57848461031955,-32.80774800705771,-32.732994880314436,125.0,151.0,0.0010734899136569873,0.0016706918712938626,7578.838728992744,11795.084515736913
139,140,169.57653329263604,-32.806571352015425,-32.72743959792242,141.0,136.0,0.001215406039437159,0.0011903724296276562,8580.766568880252,8404.029285057597
140,141,169.57532383985642,-32.806451202880716,-32.72454159894662,140.0,99.0,0.001215406039437159,0.0007115098209646768,8580.766568880252,5023.2592952977
141,142,169.56111584396302,-32.81305280583116,-32.69490033427058,127.0,147.0,0.0007873534279214592,0.0011246035498843417,5558.715156072777,7939.700997833121
142,143,169.56615684824112,-32.81315089221204,-32.7086070713604,132.0,132.0,0.0007576895216585178,0.00026926457306541545,5349.287979553794,1901.0078704343907
143,144,169.56011322485682,-32.81081389196699,-32.689863882061196,124.0,114.0,0.0006894013401181626,0.0009708357029740511,4867.173421786367,6854.100007445137
144,145,169.57540378150304,-32.808082057432394,-32.72635349605632,120.0,140.0,0.0011129057509435423,0.0015669756421593903,7857.114537980431,11062.84794398223
145,146,169.56446825907562,-32.81279622347983,-32.70378752454314,152.0,152.0,0.0008394065583791389,0.0005886625546869289,5926.210254125493,4155.957602406176
146,147,169.56196082732123,-32.81145013275654,-32.695642450345574,129.0,142.0,0.0010395156706222073,0.0011246035498843417,7338.98057511122,7939.700997833121
147,148,169.5724170848797,-32.81088880766532,-32.72209455087359,128.0,138.0,0.0010164669305604932,0.001190651191648182,7176.256471594377,8405.997344906556
148,149,169.5742162450618,-32.8152522470875,-32.7307338143029,177.0,210.0,0.0008892894772498814,0.0008967078183432216,6278.38365849861,6330.757146193111
149,150,169.58616723873962,-32.80621892511179,-32.74750751532017,135.0,169.0,0.001343707390906692,0.0023577254919236804,9486.574102913692,16645.541838071047
150,151,169.57924758912677,-32.80457535463102,-32.731508584694936,126.0,126.0,0.0007389025421273569,0.0013242294042917191,5216.651905138798,9349.059518526523
151,152,169.5640455799607,-32.81352144464337,-32.70337781004609,146.0,146.0,0.0008394065583791389,0.0005886625546869289,5926.210254125493,4155.957602406176
152,153,169.5727656541373,-32.813127121619715,-32.725165713109014,171.0,171.0,0.0012120931037449573,0.0011455616917786183,8557.377243082876,8087.66547840748
153,154,169.5872623354118,-32.812418767938055,-32.755825414964406,168.0,180.0,0.000772236793173034,0.0008339525729303499,5451.991715613876,5887.705117169121
154,155,169.5449892733469,-32.81516542567981,-32.64788751485194,134.0,71.0,0.008991304841130027,0.00918865837540544,63478.6116638914,64871.92760458316
155,156,169.56159881658502,-32.81486510798821,-32.698046036212176,158.0,104.0,0.0009985254265941067,0.0021843573329504385,7049.58945461831,15421.562645640166
156,157,169.58020418704353,-32.810767302884905,-32.7397654485172,164.0,189.0,0.0014625479476839216,0.0010525486028704321,10325.588426960821,7430.993076037937
157,158,169.5625072294917,-32.81527964268945,-32.70095869939719,156.0,181.0,0.0009985254265941067,0.001280034413962804,7049.58945461831,9037.04288933324
158,159,169.56754164477456,-32.81423732006765,-32.71328312518506,178.0,211.0,0.000515629536291813,0.0007852049389897264,3640.344496715641,5543.546824337682
159,160,169.56945924009668,-32.81300140822781,-32.71692277322677,117.0,109.0,0.00044084819317633233,0.0005597323179628597,3112.3882185993702,3951.710132789649
160,161,169.5665016153169,-32.81390322723629,-32.71025742097124,166.0,166.0,0.0007801222012282834,0.00034218257820704486,5507.66269603273,2415.8089825618927
161,162,169.587627669593,-32.81459388253336,-32.758698390819056,180.0,190.0,0.001032415807329896,0.001256107828986169,7288.855540673759,8868.121200767288
162,163,169.57511649633443,-32.81398000639375,-32.73157041510922,196.0,167.0,0.0009556877669663215,0.0008834562259420186,6747.155580097337,6237.200904598881
163,164,169.58166231973888,-32.81065374434479,-32.74276303858664,175.0,173.0,0.0012208268526266645,0.0009168913332850565,8619.037509687978,6473.252760527556
164,165,169.556293705665,-32.81826424911758,-32.686295208807884,187.0,105.0,0.004887566599872118,0.0033285515876149726,34506.21991542835,23499.57401810046
165,166,169.56618253088038,-32.8146151090883,-32.71013383278732,161.0,161.0,0.0007801222012282834,0.00034218257820704486,5507.66269603273,2415.8089825618927
166,167,169.57586528817762,-32.81271461602082,-32.73203924949226,163.0,163.0,0.0014703407837415453,0.0008834562259420186,10380.605849081736,6237.200904598881
167,168,169.5865015201234,-32.81255109239409,-32.75448244792744,154.0,154.0,0.000772236793173034,0.0015435026289096177,5451.991715613876,10897.128471781973
168,169,169.58514629745974,-32.81037180326343,-32.74963273257926,175.0,172.0,0.0023227083516954117,0.0022743061840117098,16398.320830063167,16056.601528985828
169,170,169.5731581650327,-32.81540140293844,-32.728373863928134,184.0,184.0,0.00042097846338115427,0.0006718031350348135,2972.1079273823684,4742.930094904899
170,171,169.57273929608738,-32.81433892809987,-32.72631097152652,170.0,133.0,0.0011420612838006308,0.001120064447560115,8062.952598283182,7907.65493568381
171,172,169.5830314824838,-32.81383535584502,-32.74879605687379,186.0,194.0,0.0011779317386003299,0.0013435899268439777,8316.198007116534,9485.744806637651
172,173,169.5810286465601,-32.81266404773487,-32.7434257210291,189.0,164.0,0.0014597928698584029,0.0009168913332850565,10306.137577670306,6473.252760527556
173,174,169.57785390219192,-32.8121641611788,-32.73599822998396,198.0,198.0,0.0013699588928172523,0.0005232602641724422,9671.909704900125,3694.2174351162494
174,175,169.58282530917012,-32.810282430748316,-32.74482378003532,164.0,173.0,0.0012208268526266645,0.0022765248777718424,8619.037509687978,16072.26550680541
175,176,169.56264513255834,-32.817247739586065,-32.70329705974035,205.0,199.0,0.0008906674660970549,0.001282284723768284,6288.112259680806,9052.930076431165
176,177,169.57510075437037,-32.81516016529023,-32.732711018385956,149.0,183.0,0.0008892894772498814,0.0009043536025340852,6278.38365849861,6384.736382143114
177,178,169.56780933743536,-32.814678017762276,-32.71440981459241,159.0,159.0,0.000515629536291813,0.0011580537039707819,3640.344496715641,8175.8590837693555
178,179,169.5704949214294,-32.81378555211803,-32.720285855069775,197.0,122.0,0.0005606366612227767,0.0005746394640481984,3958.0947961529164,4056.9545832991466
179,180,169.58692164998058,-32.81384061053327,-32.756586605039786,162.0,154.0,0.001032415807329896,0.0008339525729303499,7288.855540673759,5887.705117169121
180,181,169.56167189499678,-32.818558717332884,-32.7019285985582,199.0,158.0,0.0010223264589723443,0.001280034413962804,7217.624741846762,9037.04288933324
181,182,169.58268475819702,-32.81670813969334,-32.750945136178665,191.0,191.0,0.000493778691644916,0.0006684769017490441,3486.0775347588633,4719.4468880976965
182,183,169.5750556708591,-32.81617077709577,-32.73361424754593,193.0,177.0,0.00077653228643839,0.0009043536025340852,5482.317897821499,6384.736382143114
183,184,169.57281517768357,-32.81564549829882,-32.72779621426738,170.0,170.0,0.00042097846338115427,0.0006718031350348135,2972.1079273823684,4742.930094904899
184,185,169.5686502394188,-32.814885119912134,-32.71676021103863,219.0,160.0,0.000465333213881492,0.0008251718377638273,3285.2524633767534,5825.713127395909
185,186,169.58199173557776,-32.81438893470318,-32.7471837425672,172.0,172.0,0.0011779317386003299,0.0019184970815300018,8316.198007116534,13544.58928582453
186,187,169.55695531020316,-32.82310682970063,-32.69305667538902,208.0,127.0,0.003005314268145544,0.0038043183844647505,21217.518561142082,26858.487576636293
187,188,169.56567111520272,-32.817315166613675,-32.71148278261669,192.0,202.0,0.0015098031654600978,0.0010687479661288723,10659.21026175666,7545.36057971559
188,189,169.5795967690248,-32.8129481638146,-32.74062504255621,173.0,157.0,0.0014597928698584029,0.0010525486028704321,10306.137577670306,7430.993076037937
189,190,169.5864529303935,-32.81731507058764,-32.75914313196988,222.0,222.0,0.0004663715501861012,0.0010899277296455912,3292.5831176278803,7694.889708931709
190,191,169.58228683053525,-32.81700049388319,-32.750408000307424,182.0,194.0,0.000493778691644916,0.0006227283628620784,3486.0775347588633,4396.462206173471
191,192,169.56434286435297,-32.816597353769986,-32.70724062247152,205.0,205.0,0.0010852486996513048,0.0016687996538923132,7661.855757439783,11781.725460990248
192,193,169.57513812893845,-32.81694291895905,-32.73457616043769,183.0,183.0,0.00077653228643839,0.0009654407005027973,5482.317897821499,6816.011290306788
193,194,169.58284217137418,-32.81556049264713,-32.75012624302441,182.0,191.0,0.0011583922699237457,0.0006227283628620784,8178.249359377907,4396.462206173471
194,195,169.5759904947836,-32.81542751387657,-32.73503316105401,177.0,193.0,0.0009290388956205126,0.000967148953014921,6559.014549920787,6828.071552944635
195,196,169.57601334651721,-32.81431015614397,-32.733970989372224,163.0,183.0,0.0009556877669663215,0.001021962522208781,6747.155580097337,7215.055348316829
196,197,169.57093694366168,-32.814130414136926,-32.72172071429252,179.0,131.0,0.0005606366612227767,0.000637494017005503,3958.0947961529164,4500.70772358115
197,198,169.5773498222405,-32.81343800998089,-32.73613860343817,218.0,174.0,0.0012624665701445553,0.0005232602641724422,8913.013912981643,3694.2174351162494
198,199,169.5623419710527,-32.819330824493846,-32.70454299200749,181.0,176.0,0.0010223264589723443,0.001282284723768284,7217.624741846762,9052.930076431165
199,200,169.59004451838078,-32.81905940830656,-32.76768826781937,203.0,203.0,0.0007344390486523928,0.0013303758810133813,5185.1396414609535,9392.453643829755
200,201,169.57332273274977,-32.816341938100244,-32.72970451461016,184.0,251.0,0.0008617659440004371,0.0009012829861524445,6084.067515332443,6363.057830664432
201,202,169.5659223001461,-32.8156104408262,-32.71044397159474,166.0,166.0,0.0010287882695343776,0.00040485320170990875,7263.245124044968,2858.26358090607
202,203,169.58933433382572,-32.81924659434754,-32.76656330653891,200.0,200.0,0.0007344390486523928,0.0013303758810133813,5185.1396414609535,9392.453643829755
203,204,169.57968180445675,-32.817805060836044,-32.74565629902007,221.0,240.0,0.001271953604158861,0.00081465206233104,8979.99237257979,5751.4435134423775
204,205,169.56353289242952,-32.81731964887818,-32.705781568748016,176.0,192.0,0.0008906674660970549,0.0016687996538923132,6288.112259680806,11781.725460990248
205,206,169.5842174193701,-32.81562880155775,-32.75301198759868,194.0,182.0,0.001376943411169209,0.0025731158279252886,9721.220404065281,18166.197597917668
206,207,169.5818962892536,-32.81837525362756,-32.750961375695674,191.0,191.0,0.0014291559912790596,0.000677308506518523,10089.841216653198,4781.798017264869
207,208,169.558985484851,-32.825322750445956,-32.701122853141946,227.0,227.0,0.0009231511832124205,0.0011873953678663276,6517.447300656554,8383.011229192965
208,209,169.5658914282926,-32.82296089528684,-32.71768979413277,263.0,231.0,0.002074541907174398,0.0013916795145160969,14646.265745945011,9825.257292851104
209,210,169.5736559240152,-32.81728160373107,-32.73143390375164,201.0,149.0,0.0009969894267832734,0.0008967078183432216,7038.745296041718,6330.757146193111
210,211,169.56686552503908,-32.8163897866425,-32.713682385625745,202.0,159.0,0.0012235412130885482,0.0007852049389897264,8638.20089439356,5543.546824337682
211,212,169.57161543389986,-32.815924627833404,-32.725172147358855,184.0,153.0,0.001231786687542027,0.001150238233660696,8696.41394356331,8120.681863827354
212,213,169.57137927553833,-32.814575218746285,-32.72324962507157,197.0,148.0,0.0006273026618883889,0.0015528182868127308,4428.7567570374795,10962.897016044904
213,214,169.56553232594354,-32.820634407102105,-32.714425472016295,217.0,217.0,0.0017830843010541728,0.001324946935501075,12588.575063413558,9354.125288823518
214,215,169.58102665340004,-32.81952927255486,-32.75027221210632,246.0,246.0,0.00036990417892806225,0.0004885999286069099,2611.5234820660326,3449.515468006872
215,216,169.5639993020288,-32.81916990802366,-32.70888294012446,199.0,192.0,0.0016651246424125728,0.001677868392859145,11755.779880153568,11845.750757577165
216,217,169.56570510290422,-32.81885971339712,-32.713111838694644,226.0,211.0,0.0009299500628529505,0.0012930983457029872,6565.447390529661,9129.274246671408
217,218,169.5772228403278,-32.814694074244606,-32.737105599224826,223.0,198.0,0.0011630568392119935,0.0009752975225855076,8211.181218286029,6885.600453646712
218,219,169.5690986932929,-32.81476092602039,-32.71777028412444,185.0,241.0,0.000465333213881492,0.00033917438969005033,3285.2524633767534,2394.571171804041
219,220,169.5761561571127,-32.81943786743341,-32.73941358521638,245.0,245.0,0.0010605896117172522,0.0005137718573329727,7487.762598036376,3627.229283372526
220,221,169.58000659694227,-32.81903484773323,-32.747588082570566,246.0,265.0,0.001027058874478152,0.0011688989009633137,7251.035595046973,8252.426173916063
221,222,169.58684711152114,-32.81756431677405,-32.76015928338304,190.0,190.0,0.0004663715501861012,0.0010899277296455912,3292.5831176278803,7694.889708931709
222,223,169.57786360335786,-32.815664704941916,-32.739512325078614,218.0,220.0,0.0011630568392119935,0.0017102988746025513,8211.181218286029,12074.709956829925
223,224,169.56616548390537,-32.82728520194317,-32.72271895873578,228.0,228.0,0.0015174788462447343,0.0015047002827652356,10713.400567656989,10623.183910222922
224,225,169.56794139251224,-32.81868846768815,-32.71874626250129,231.0,232.0,0.0010896583255386295,0.0008528090402053984,7692.987715951975,6020.831775051988
225,226,169.56661117595277,-32.81865033634469,-32.715274897300944,217.0,214.0,0.0009299500628529505,0.001373113490076286,6565.447390529661,9694.181161368395
226,227,169.55907975573234,-32.82624107561059,-32.702306500370035,208.0,208.0,0.0009231511832124205,0.0011873953678663276,6517.447300656554,8383.011229192965
227,228,169.56616851873898,-32.82576772613164,-32.7212142615135,224.0,267.0,0.0015174788462447343,0.0012251046855655404,10713.400567656989,8649.239009991663
228,229,169.56049886792695,-32.824992015472766,-32.70507323200037,244.0,199.0,0.0011312751266858516,0.0019178591142606715,7986.80232967003,13540.085236939562
229,230,169.57719320063993,-32.82068186002602,-32.74301235632274,247.0,247.0,0.0014858487285823803,0.0008547537806482725,10490.091938770658,6034.5616424674
230,231,169.56727039073186,-32.819547019886414,-32.71787750258274,225.0,225.0,0.0010896583255386295,0.001097719083077349,7692.987715951975,7749.896663714095
231,232,169.56872878567336,-32.81634890326852,-32.7184187029359,241.0,241.0,0.0010250109270941203,0.0004186957397000639,7236.577086632893,2955.991898324489
232,233,169.57513501183746,-32.82158267976144,-32.73919703179422,245.0,245.0,0.0013157512061702575,0.0005387836592161184,9289.20344027413,3803.8126032363475
233,234,169.57500011312064,-32.81900872769537,-32.73631575427006,220.0,195.0,0.0012331255517430582,0.0016204632659219307,8705.86632474598,11440.470564685178
234,235,169.58139740728464,-32.820745852487704,-32.75227408050867,246.0,274.0,0.0011888816573737506,0.0007801158095391917,8393.504433030324,5507.617570708108
235,236,169.57134577184513,-32.81780321969879,-32.726386649580405,251.0,212.0,0.0014793341339083411,0.0012440792860243062,10444.09890074471,8783.199688144814
236,237,169.56765170200356,-32.82815088591176,-32.72743687646154,224.0,293.0,0.001719957257862545,0.0006694305788482524,12142.898142092823,4726.179848363537
237,238,169.5960957097145,-32.82531364521702,-32.78444202650358,259.0,279.0,0.007236412588134397,0.006918642800407504,51089.07245815799,48845.61777498906
238,239,169.58007557772314,-32.821173527261095,-32.74987133836367,265.0,246.0,0.001348209675613197,0.0006604019869025023,9518.360232683995,4662.437989743162
239,240,169.57909227395965,-32.81965932640576,-32.74621853720415,221.0,204.0,0.0011072308381744164,0.00081465206233104,7817.049654155123,5751.4435134423775
240,241,169.5689901912622,-32.81535778545575,-32.71809163529677,185.0,219.0,0.000582219865656997,0.00033917438969005033,4110.472218223511,2394.571171804041
241,242,169.58764155638735,-32.82895337137832,-32.773060014627404,253.0,253.0,0.0007956695178790056,0.0017925421286359166,5617.426750697205,12655.347325599489
242,243,169.56268668754757,-32.827509632315866,-32.713636873182985,261.0,261.0,0.0005682121510233925,0.0017305798640559035,4011.577753711791,12217.893741210104
243,244,169.56161864268796,-32.82483111831037,-32.70803142593462,229.0,216.0,0.0011312751266858516,0.00252836217987958,7986.80232967003,17850.23684527579
244,245,169.5756719252799,-32.82038146154984,-32.73924188474033,220.0,220.0,0.0010605896117172522,0.0005137718573329727,7487.762598036376,3627.229283372526
245,246,169.58073592906152,-32.81975798298439,-32.749879517251216,215.0,215.0,0.00036990417892806225,0.0004885999286069099,2611.5234820660326,3449.515468006872
246,247,169.57794458837745,-32.81940000086366,-32.743419812447286,240.0,230.0,0.001176618856031795,0.0008547537806482725,8306.929056257803,6034.5616424674
247,248,169.58619382138264,-32.827926200063615,-32.769228115390625,253.0,253.0,0.0011499131651604114,0.0023183484740201717,8118.386880233946,16367.540093925449
248,249,169.5723455137902,-32.821125029175306,-32.732130285581285,270.0,270.0,0.000671605088379931,0.00043723973382450563,4741.531885532761,3086.9124957819513
249,250,169.5690943798662,-32.820777998340795,-32.723758694812936,256.0,263.0,0.001401327365441312,0.0014710509352837964,9893.371119831067,10385.619518929392
250,251,169.57254871443925,-32.81866424153068,-32.730166257694684,236.0,201.0,0.0014793341339083411,0.0009012829861524445,10444.09890074471,6363.057830664432
251,252,169.56953086148775,-32.81561807521645,-32.719711420405964,241.0,179.0,0.000600062540337594,0.0011222240213453597,4236.4415004475595,7922.901526484066
252,253,169.58685022947878,-32.82887035508199,-32.7714515964583,242.0,242.0,0.0007956695178790056,0.0017925421286359166,5617.426750697205,12655.347325599489
253,254,169.5770011452544,-32.82334532214167,-32.745235481755316,278.0,260.0,0.001953740582841506,0.0010941503970924391,13793.4084030671,7724.701740864833
254,255,169.5699724382976,-32.81696400453017,-32.72215732424445,232.0,197.0,0.0013874514088423218,0.0010587251047530623,9795.406867036185,7474.599178975884
255,256,169.5694646897595,-32.822129511924906,-32.72603782678141,250.0,236.0,0.001401327365441312,0.0019131511069257897,9893.371119831067,13506.84670542469
256,257,169.5707450949007,-32.82120441412156,-32.728301963433516,264.0,236.0,0.0015359786682611043,0.002007296676500061,10844.009310033993,14171.514421231992
257,258,169.58919456257732,-32.82932246036478,-32.7763627862772,259.0,259.0,0.0009635226584639417,0.002113536856475795,6802.469913622219,14921.570085781563
258,259,169.59015091471895,-32.829439791070804,-32.778247575025276,258.0,258.0,0.0009635226584639417,0.002113536856475795,6802.469913622219,14921.570085781563
259,260,169.57594017577202,-32.82550269675532,-32.744968070370156,282.0,254.0,0.0013511108389046974,0.0010941503970924391,9538.842445355982,7724.701740864833
260,261,169.56323524262396,-32.82765779566064,-32.71527821226862,243.0,243.0,0.0005682121510233925,0.0017305798640559035,4011.577753711791,12217.893741210104
261,262,169.5710837198062,-32.82769640645664,-32.735609504360454,273.0,273.0,0.0007513993302917281,0.0006008967368369942,5304.879228864186,4242.330927685592
262,263,169.5679550087034,-32.822747916384685,-32.7228281980598,256.0,250.0,0.001631429118007587,0.0014710509352837964,11517.889479782441,10385.619518929392
263,264,169.571130726524,-32.82269119545063,-32.73073378193509,270.0,251.0,0.0014355051810291024,0.0015273419693303159,10134.666495925198,10783.034216076821
264,265,169.57889924036775,-32.8218322379379,-32.747962363290796,287.0,221.0,0.00131475681467874,0.0011688989009633137,9282.183036400917,8252.426173916063
265,266,169.5712346886033,-32.82932482322107,-32.737603949491955,288.0,281.0,0.0010125662283688558,0.0005732277213986448,7148.7175143446175,4046.9876802740787
266,267,169.56495632811172,-32.82879763755606,-32.721036848510074,277.0,285.0,0.0010845266978987548,0.00041011184304975306,7656.758425108093,2895.3895884644685
267,268,169.58309732101262,-32.82459797160466,-32.75967326930032,290.0,276.0,0.0023379305417393,0.0021425628251797134,16505.789490902,15126.493423170348
268,269,169.57313084013376,-32.82411951293351,-32.73700356280782,283.0,281.0,0.0021834472995678833,0.001502973103582043,15415.1378100114,10610.990025288413
269,270,169.57224767071457,-32.8217894688846,-32.73255643733523,249.0,249.0,0.000671605088379931,0.00043723973382450563,4741.531885532761,3086.9124957819513
270,271,169.59949792512117,-32.834986505362075,-32.799485981905285,279.0,238.0,0.010053966872224674,0.015423866694251567,70981.0055426136,108892.49797885533
271,272,169.56791220316256,-32.83008933239985,-32.73003766449872,293.0,237.0,0.0009666967576919641,0.0026138016887611282,6824.879053990435,18453.43977309063
272,273,169.57150906104778,-32.82707698270686,-32.73603395897118,262.0,262.0,0.0007513993302917281,0.0006008967368369942,5304.879228864186,4242.330927685592
273,274,169.5806794763941,-32.82258468097868,-32.75257929504419,287.0,235.0,0.0009712885757921532,0.0007801158095391917,6857.297289515023,5507.617570708108
274,275,169.58359271253622,-32.82788015588989,-32.76396728486473,286.0,290.0,0.0011934599015619406,0.0010901942582539664,8425.826836736976,7696.771400891587
275,276,169.58238314056868,-32.82810716815924,-32.76169329943706,275.0,301.0,0.0012306904221140772,0.0015336075756052572,8688.674309704715,10827.269396019386
276,277,169.56431562741372,-32.82792259425768,-32.71845517694788,267.0,209.0,0.0010845266978987548,0.001751844531774384,7656.758425108093,12368.022294085804
277,278,169.57743255757308,-32.82525083668539,-32.74810979351949,260.0,297.0,0.0015134850296425995,0.0010580327973956768,10685.204222674445,7469.711489072356
278,279,169.58944411718926,-32.835043037972476,-32.78253836290989,296.0,296.0,0.001337619135803958,0.002675906741444899,9443.591022236764,18891.901441484373
279,280,169.56549058004862,-32.830514111221554,-32.724163006865105,285.0,224.0,0.0010768870214595834,0.0015939793648763383,7602.822309884689,11253.494224818718
280,281,169.57179960217331,-32.828038436567425,-32.737701225794346,262.0,266.0,0.0007933928158322735,0.0005732277213986448,5601.35323437755,4046.9876802740787
281,282,169.5761943041348,-32.82682969309075,-32.746874758095046,297.0,303.0,0.0010837194043310393,0.0011801122475079855,7651.058932566216,8331.592399879813
282,283,169.5715209902444,-32.82559458087898,-32.73458480982648,273.0,262.0,0.001482449825475231,0.0011140934988047003,10466.09568302867,7865.500037812242
283,284,169.57315619398028,-32.82655200249919,-32.73949018254288,289.0,289.0,0.0016561918002133118,0.00144961054277357,11692.714014737927,10234.250349034024
284,285,169.5645636346314,-32.829965970864976,-32.72115510058969,280.0,267.0,0.0010768870214595834,0.00041011184304975306,7602.822309884689,2895.3895884644685
285,286,169.5838456010356,-32.829046515158524,-32.76564812748379,275.0,290.0,0.0011934599015619406,0.0013730369118640853,8425.826836736976,9693.64051919464
286,287,169.57974258545056,-32.82284087789003,-32.75081319923622,274.0,239.0,0.0009712885757921532,0.0009989923707604985,6857.297289515023,7052.886080406317
287,288,169.5704075178151,-32.82990884278751,-32.73614661707272,295.0,262.0,0.0007266053036936174,0.0008635619250767896,5129.83340250025,6096.747141628724
288,289,169.57307148955059,-32.82820602681542,-32.74093731622202,281.0,292.0,0.0012828811292110215,0.0005616633104171415,9057.140698822765,3965.342939406387
289,290,169.58455784808103,-32.826423561892874,-32.764474272932496,275.0,275.0,0.0017473272996273703,0.0010901942582539664,12336.130635386364,7696.771400891587
290,291,169.58082649881453,-32.83110040819806,-32.76139159333201,301.0,301.0,0.0005788346574749747,0.0007911870233387034,4086.5726486521366,5585.7803394991615
291,292,169.5726746524604,-32.82955898855549,-32.74133479074714,289.0,289.0,0.0014099592711281448,0.0005616633104171415,9954.312373486186,3965.342939406387
292,293,169.56698502227096,-32.82981576665717,-32.727376251103536,272.0,237.0,0.0009666967576919641,0.0006694305788482524,6824.879053990435,4726.179848363537
293,294,169.56995316110275,-32.83510944930722,-32.74020226278657,300.0,266.0,0.0010775067690099915,0.0028971614921621705,7607.197727555108,20453.95996888801
294,295,169.5697205712287,-32.830145611988954,-32.734671731463926,288.0,288.0,0.0007266053036936174,0.0016270166476190472,5129.83340250025,11486.737439091834
295,296,169.58865245620206,-32.83396484604438,-32.77998224284811,279.0,259.0,0.001337619135803958,0.0022922587948156705,9443.591022236764,16183.346960234532
296,297,169.57648347845955,-32.827874119228504,-32.74857742824514,282.0,278.0,0.0010837194043310393,0.0010580327973956768,7651.058932566216,7469.711489072356
297,298,169.57932306817835,-32.83283348002889,-32.75986898702317,313.0,309.0,0.001138261175132772,0.0015011603243377499,8036.123831305544,10598.191803927431
298,299,169.5725126244649,-32.83877271883915,-32.75013351319611,306.0,306.0,0.0011583501989694228,0.0017223876380881712,8177.952338442795,12160.056626346677
299,300,169.56890724092312,-32.834850467039246,-32.73731687671867,294.0,288.0,0.0010775067690099915,0.001902718684298966,7607.197727555108,13433.193802276264
300,301,169.58092757697108,-32.83167034921866,-32.76217629716924,291.0,291.0,0.0005788346574749747,0.0007911870233387034,4086.5726486521366,5585.7803394991615
301,302,169.57464459570093,-32.831559324166875,-32.74800459130988,311.0,311.0,0.001940850415417313,0.0010332545077814527,13702.403821789878,7294.776765813759
302,303,169.57508889773732,-32.828972978581284,-32.746461549173134,297.0,282.0,0.0017754850796385313,0.0011801122475079855,12534.924560653959,8331.592399879813
303,304,169.57499095406405,-32.83819239441789,-32.755429745701896,318.0,318.0,0.0010938466973354878,0.0008623605331896224,7722.557620598134,6088.265314974068
304,305,169.5807689100726,-32.833690832638126,-32.76385331093966,308.0,308.0,0.001248577780824667,0.0006364899552712119,8814.959061177955,4493.619047794508
305,306,169.57160972576764,-32.8394983558875,-32.748666750393774,299.0,299.0,0.0011583501989694228,0.0017223876380881712,8177.952338442795,12160.056626346677
306,307,169.5791700407974,-32.830775129055915,-32.75748007301857,313.0,313.0,0.0011192187304781003,0.0004364627168718474,7901.684173133179,3081.4267561406455
307,308,169.580166247466,-32.83478433355599,-32.763648573923575,309.0,305.0,0.0009567900378659683,0.0006364899552712119,6754.937612585771,4493.619047794508
308,309,169.57926329235457,-32.83446791730592,-32.76136895674628,308.0,314.0,0.0009567900378659683,0.0014938680312315438,6754.937612585771,10546.708215014885
309,310,169.58009385803408,-32.83658173014379,-32.765285607603126,319.0,319.0,0.0008411627106199145,0.0008335795378441581,5938.60868884488,5885.071489481952
310,311,169.5742433565364,-32.83345824687933,-32.74895675831766,302.0,302.0,0.001940850415417313,0.0010332545077814527,13702.403821789878,7294.776765813759
311,312,169.57721427442686,-32.832668158289806,-32.75501785470879,316.0,316.0,0.0016130498642865604,0.0009620492717234588,11388.131949563664,6792.067803318719
312,313,169.5787898977265,-32.83182781220496,-32.75769452802284,307.0,307.0,0.0011192187304781003,0.0004364627168718474,7901.684173133179,3081.4267561406455
313,314,169.57777095865626,-32.83771208831675,-32.76130126754753,320.0,315.0,0.0011204985249124268,0.0011314881601838555,7910.719521766294,7988.306346153748
314,315,169.57777340115382,-32.83657248290715,-32.76016978202361,314.0,314.0,0.0011396080270776828,0.0011314881601838555,8045.632605959547,7988.306346153748
315,316,169.57691965330562,-32.83425407388012,-32.75593368067268,312.0,312.0,0.0016130498642865604,0.0009620492717234588,11388.131949563664,6792.067803318719
316,317,169.5797535550219,-32.83870620609745,-32.76666756140123,320.0,310.0,0.001165108591722793,0.0014232366072365415,8225.666590894869,10048.05036565173
317,318,169.57562571291143,-32.837301562333295,-32.756013480997105,304.0,304.0,0.0010938466973354878,0.0008623605331896224,7722.557620598134,6088.265314974068
318,319,169.5795269816236,-32.837203184760774,-32.76467445624614,310.0,310.0,0.0008411627106199145,0.0008335795378441581,5938.60868884488,5885.071489481952
319,320,169.5786179540199,-32.83844565208241,-32.763917715065816,314.0,319.0,0.0011204985249124268,0.0011827883996122766,7910.719521766294,8350.486033582978
