cloudnum,x,corr_x,y,nearest_neighbor,nearest_neighbor_corr,min_distance,min_distance_corr,true_dist,true_dist_corr,nearest_neighbor2,nearest_neighbor2_corr,min_distance2,min_distance_corr2,true_dist2_corr,nearest_neighbor3,nearest_neighbor3_corr,min_distance3,min_distance_corr3,true_dist3_corr
1,169.55605971440164,-166.74698055401706,-32.78872671709377,8.0,8.0,128.29569085895267,159.5950446421071,15808626.356436148,19665340.37265181,4.0,4.0,174.3960237596116,257.6695363845779,31750103.19417656,3.0,3.0,274.6486122862875,292.29717525184634,36016929.31119772
2,169.558720459466,-166.7510244023361,-32.78798381139535,8.0,5.0,245.00264031560724,355.67454470276857,30189285.16740186,43826304.2511942,5.0,8.0,279.70393455595337,372.2850009595264,45873048.72729434,1.0,12.0,340.39741714307024,494.02127994775395,60873422.75126308
3,169.55676898385113,-166.74805854528802,-32.790839781445165,1.0,1.0,274.6486122862875,292.29717525184634,33842269.07294166,36016929.31119772,4.0,8.0,326.37939156547594,358.32009498746345,44152289.603296824,8.0,15.0,358.28374629845604,377.7878420078121,46551110.14501449
4,169.55471481107185,-166.74493642591318,-32.789167585028196,1.0,1.0,174.3960237596116,257.6695363845779,21489120.6337931,31750103.19417656,8.0,8.0,291.54273288721646,407.4296974426683,50203586.81000482,3.0,3.0,326.37939156547594,436.4131634500574,53774936.568969145
5,169.5602785547263,-166.75339227744868,-32.78633304873324,6.0,6.0,199.0345328929555,300.57474988413287,24525083.745733373,37036894.07870652,2.0,2.0,279.70393455595337,355.67454470276857,43826304.2511942,12.0,12.0,381.39749719894405,403.66768755869987,49740031.033449076
6,169.5618759949154,-166.7558198339187,-32.78609368095247,5.0,5.0,199.0345328929555,300.57474988413287,24525083.745733373,37036894.07870652,10.0,12.0,348.2699662733912,411.9229749567481,50757249.562512666,12.0,10.0,401.2853109351805,419.4553883615275,51685395.38160554
7,169.56702524725438,-166.76364414362516,-32.7853986499007,16.0,16.0,204.93474107042118,214.57159785194526,25252108.838145006,26439564.684008833,19.0,19.0,336.949304040793,341.12840216513126,42033925.01565324,14.0,14.0,521.6773146358653,641.8674485009575,79091063.74325731
8,169.5567327947917,-166.74800354347445,-32.787932337155794,1.0,1.0,128.29569085895267,159.5950446421071,15808626.356436148,19665340.37265181,2.0,3.0,245.00264031560724,358.32009498746345,44152289.603296824,4.0,2.0,291.54273288721646,372.2850009595264,45873048.72729434
9,169.56438971495277,-166.7596395889826,-32.792048574691364,28.0,28.0,105.98170661234197,138.61084786725917,13059091.768669788,17079662.521879673,18.0,18.0,137.81945660414485,193.04599432680905,23787174.561258916,30.0,30.0,239.24184322176433,283.52945465631024,34936568.638407536
10,169.56353415050413,-166.75833953675448,-32.788382582283305,14.0,14.0,110.3584107986023,161.6857966034855,13598390.327257436,19922963.339878,24.0,24.0,145.04509112851412,168.86344691023612,20807395.163401417,12.0,6.0,306.38836716013464,419.4553883615275,51685395.38160554
11,169.56194696679844,-166.755927683996,-32.792315964186514,18.0,17.0,186.75402774285052,244.85584254335672,23011876.902334925,30171196.710058294,17.0,18.0,189.04476397558614,280.436382907287,34555439.582189165,13.0,13.0,230.1905447082775,300.3029507776709,37003402.92643708
12,169.56121632776743,-166.75481738181412,-32.78928282094694,13.0,13.0,230.73246890848117,247.60692284137392,28430911.16195246,30510185.496172085,10.0,11.0,306.38836716013464,397.9981240937352,49041426.03883345,2.0,5.0,346.7021013063265,403.66768755869987,49740031.033449076
13,169.5605791373645,-166.75384906774318,-32.79104359421362,11.0,12.0,230.1905447082775,247.60692284137392,28364135.12966975,30510185.496172085,12.0,17.0,230.73246890848117,292.3061604818405,36018036.47343173,17.0,11.0,289.9240594949338,300.3029507776709,37003402.92643708
14,169.56437235329867,-166.75961320782537,-32.78869809732789,24.0,24.0,89.32636385812643,94.78379312800796,11006816.367391987,11679282.13468798,10.0,10.0,110.3584107986023,161.6857966034855,19922963.339878,16.0,28.0,342.6612081965568,362.31415792858036,44644439.014219925
15,169.55604053083212,-166.7469513973392,-32.79369885635933,20.0,3.0,296.32988326378876,377.7878420078121,36513840.57718476,46551110.14501449,3.0,20.0,363.5509506000617,439.4714509183954,54151779.49762744,33.0,33.0,389.75627027983654,464.4910267219715,57234697.73772719
16,169.56657416515887,-166.76295876968908,-32.78699946832979,19.0,19.0,170.44491477163103,206.6332753644629,21002264.019464478,25461402.648625504,7.0,7.0,204.93474107042118,214.57159785194526,26439564.684008833,14.0,14.0,342.6612081965568,462.33254766353696,56968729.421063334
17,169.5608432623971,-166.75425045072143,-32.793381615556235,11.0,27.0,189.04476397558614,232.78615414992257,23294141.98031233,28683966.75889661,27.0,11.0,208.30135481323816,244.85584254335672,30171196.710058294,13.0,13.0,289.9240594949338,292.3061604818405,36018036.47343173
18,169.56343085883037,-166.75818258019189,-32.79262441656271,9.0,9.0,137.81945660414485,193.04599432680905,16982147.09718722,23787174.561258916,11.0,11.0,186.75402774285052,280.436382907287,34555439.582189165,28.0,28.0,242.58414630390703,330.53368867864907,40728441.83270341
19,169.56740291416378,-166.76421796359938,-32.788106973248276,16.0,16.0,170.44491477163103,206.6332753644629,21002264.019464478,25461402.648625504,7.0,7.0,336.949304040793,341.12840216513126,42033925.01565324,14.0,14.0,380.463866534065,572.0552543823605,70488788.1363765
20,169.5583417945428,-166.75044891977234,-32.794397163212906,33.0,33.0,243.39882489479697,253.78689517296576,29991662.63961054,31271683.19597134,15.0,15.0,296.32988326378876,439.4714509183954,54151779.49762744,17.0,17.0,332.6645025142728,484.8520830406738,59743592.06932708
21,169.56026854714798,-166.75337706903395,-32.79808916589658,32.0,32.0,165.91077141410986,188.8010512021112,20443565.767748665,23264111.63285201,38.0,36.0,310.8505763052919,381.49408928886766,47007794.84002251,25.0,38.0,349.26113169107305,421.1204758260164,51890567.86558109
22,169.56716469667546,-166.7638560211824,-32.797426588388156,26.0,26.0,233.12651062607083,298.2531149633948,28725905.566999964,36750821.65684824,29.0,29.0,247.31291233157998,356.669452199666,43948896.99591047,23.0,23.0,305.8176339811445,394.0295804894689,48552421.1268287
23,169.5654020211904,-166.7611777723502,-32.795679392240665,30.0,30.0,248.66251217419577,248.84219635098924,30640255.47152899,30662396.199670937,22.0,26.0,305.8176339811445,391.2202524884271,48206255.04452458,26.0,22.0,386.206005806443,394.0295804894689,48552421.1268287
24,169.56414750241495,-166.75927154409305,-32.78938727746319,14.0,14.0,89.32636385812643,94.78379312800796,11006816.367391987,11679282.13468798,10.0,10.0,145.04509112851412,168.86344691023612,20807395.163401417,28.0,28.0,278.0712921024545,304.2552289434243,37490403.60713637
25,169.562928068382,-166.75741855965137,-32.799069487828454,38.0,38.0,103.41833730814231,137.66984109683887,12743232.777051736,16963711.437842052,32.0,32.0,250.23740668563147,379.16691307943813,46721039.61921853,37.0,37.0,314.59908087456336,382.45191651772194,47125818.54505579
26,169.56584494058146,-166.76185076704814,-32.798782212864964,22.0,22.0,233.12651062607083,298.2531149633948,28725905.566999964,36750821.65684824,31.0,37.0,331.8543671330114,384.76241313124933,47410518.50197969,37.0,23.0,332.4367038200363,391.2202524884271,48206255.04452458
27,169.5615803243319,-166.7553705254744,-32.794902951231286,17.0,17.0,208.30135481323816,232.78615414992257,25666943.80563544,28683966.75889661,11.0,11.0,321.95468385849006,326.0782885889269,40179446.34567428,18.0,18.0,361.69283409084267,445.9717018589156,54952742.00582835
28,169.56502343306585,-166.76060251899924,-32.79146704824457,9.0,9.0,105.98170661234197,138.61084786725917,13059091.768669788,17079662.521879673,18.0,30.0,242.58414630390703,283.0969996494909,34883281.42686515,30.0,24.0,276.0383253768207,304.2552289434243,37490403.60713637
29,169.56898809591127,-166.76662638963103,-32.79826538881452,22.0,31.0,247.31291233157998,326.060644423961,30473957.449360233,40177272.22735861,31.0,22.0,293.4908033913998,356.669452199666,43948896.99591047,45.0,45.0,370.4559154340762,479.0622421468439,59030166.460555874
30,169.5654690932348,-166.76127968565424,-32.793662474219325,9.0,23.0,239.24184322176433,248.84219635098924,29479438.342757314,30662396.199670937,23.0,28.0,248.66251217419577,283.0969996494909,34883281.42686515,28.0,9.0,276.0383253768207,283.52945465631024,34936568.638407536
31,169.56798022963505,-166.76509511356932,-32.800423481345334,29.0,29.0,293.4908033913998,326.060644423961,36164008.46202808,40177272.22735861,26.0,22.0,331.8543671330114,399.59695103099,49238433.88446291,22.0,26.0,382.70671340832223,448.0127200672477,55204236.767859586
32,169.5609076087594,-166.7543482355098,-32.79927430173343,21.0,21.0,165.91077141410986,188.8010512021112,20443565.767748665,23264111.63285201,38.0,36.0,174.4283322879008,253.57420451187915,31245475.40077487,36.0,38.0,243.06530379598064,260.8815914802443,32145893.4074231
33,169.5578321703277,-166.74967439949526,-32.79630560588011,20.0,20.0,243.39882489479697,253.78689517296576,29991662.63961054,31271683.19597134,21.0,15.0,372.0561428790457,464.4910267219715,57234697.73772719,15.0,21.0,389.75627027983654,506.4164361047401,62400756.9197263
34,169.56469330522822,-166.76010089440427,-32.80579811855373,41.0,41.0,248.7217968546277,268.9359141482062,30647560.544328667,33138349.013371445,53.0,53.0,286.86044533477445,313.6719763828818,38650737.52612179,56.0,35.0,301.93666244628554,384.23272802005556,47345250.57323347
35,169.56625286073088,-166.76247057436453,-32.803771258725554,44.0,34.0,276.721508808917,384.23272802005556,34097691.88864505,47345250.57323347,34.0,44.0,315.1253645628749,387.31457349561333,47724996.32529406,49.0,37.0,383.10125439564473,468.36060551338824,57711508.181326196
36,169.56039524306377,-166.75356960719657,-32.80117920744649,32.0,32.0,243.06530379598064,253.57420451187915,29950566.088371173,31245475.40077487,50.0,50.0,247.192230889644,308.38368756648975,37999113.28680754,38.0,21.0,302.7624368078004,381.49408928886766,47007794.84002251
37,169.56447071117887,-166.7597626631486,-32.801103891847546,25.0,25.0,314.59908087456336,382.45191651772194,38764975.567978404,47125818.54505579,38.0,26.0,326.5753673891141,384.76241313124933,47410518.50197969,26.0,38.0,332.4367038200363,449.14495199062645,55343750.661940426
38,169.56228352469546,-166.75643912003505,-32.79960705855979,25.0,25.0,103.41833730814231,137.66984109683887,12743232.777051736,16963711.437842052,32.0,32.0,174.4283322879008,260.8815914802443,32145893.4074231,36.0,36.0,302.7624368078004,403.1723468303149,49678995.027939186
39,169.57028876511419,-166.76860246161328,-32.79263168540739,43.0,43.0,329.8547286800739,480.87738715323445,40644780.2158823,59253829.07148741,30.0,29.0,607.3116038175012,735.6514266713865,90647148.43472548,55.0,19.0,653.0193807013903,776.3544554316118,95662585.57791908
40,169.57552800200247,-166.77656153220641,-32.78902958904496,43.0,55.0,467.0361594150791,517.8865327941037,57548309.609673254,63814105.03469685,55.0,43.0,517.8733509554934,607.4046153117796,74844545.0221347,57.0,57.0,681.9303459490245,684.5801713754274,84354135.8859596
41,169.56541895699186,-166.76120350564588,-32.80768168659782,52.0,52.0,177.07539735150993,188.39533620150019,21819273.702068716,23214119.331404317,53.0,34.0,202.93796481130022,268.9359141482062,33138349.013371445,47.0,53.0,240.25268021013633,306.1195664719461,37720127.73265735
42,169.5620155686422,-166.75603193230847,-32.80333382469342,36.0,56.0,332.1883970880699,368.46539165157975,40932335.40697899,45402395.53565068,56.0,36.0,366.3736211617252,403.16602725707685,49678216.3285816,50.0,38.0,369.12187806798687,461.9459026910659,56921086.933139786
43,169.5727718095519,-166.77237467575458,-32.79163140320546,39.0,39.0,329.8547286800739,480.87738715323445,40644780.2158823,59253829.07148741,55.0,55.0,395.5510358555204,556.9217291845933,68624031.46602012,40.0,40.0,467.0361594150791,607.4046153117796,74844545.0221347
44,169.56817545527184,-166.76539172821685,-32.80493186648384,49.0,49.0,109.00170430874226,139.24916507561065,13431216.622279854,17158316.124164775,35.0,48.0,276.721508808917,298.99265807922325,36841948.34017121,48.0,47.0,293.5142436382891,356.2993807317461,43903296.69926485
45,169.57114338625365,-166.7699008237192,-32.80036145304567,46.0,46.0,320.96024458919817,449.8023811184602,39548799.71424172,55424759.239611104,54.0,29.0,341.1629986788837,479.0622421468439,59030166.460555874,29.0,54.0,370.4559154340762,496.8774903386612,61225365.69309473
46,169.5733796881889,-166.77329811658757,-32.799025873011175,62.0,54.0,268.0296544450026,299.7800009404949,33026679.471441224,36938964.91980003,54.0,62.0,296.2124151042071,367.46161585331083,45278710.036673844,45.0,45.0,320.96024458919817,449.8023811184602,55424759.239611104
47,169.56736411702462,-166.76415901625077,-32.80754750617926,60.0,60.0,121.43349358366697,172.59258267798165,14963064.732480984,21266900.18332857,48.0,48.0,153.38396017552847,229.95810183470215,28335493.462027077,41.0,52.0,240.25268021013633,334.2473065351123,41186034.731813006
48,169.56857968491988,-166.7660058861957,-32.807279346500145,60.0,60.0,99.6022813894688,110.8636765330331,12273017.434902024,13660649.294435905,47.0,49.0,153.38396017552847,214.53895439135118,26435542.348823156,49.0,47.0,212.4759420816113,229.95810183470215,28335493.462027077
49,169.56879027278094,-166.76632583563972,-32.805567894819745,44.0,44.0,109.00170430874226,139.24916507561065,13431216.622279854,17158316.124164775,48.0,48.0,212.4759420816113,214.53895439135118,26435542.348823156,47.0,60.0,300.63672482148553,318.4292332698472,39236927.88141829
50,169.55908763535103,-166.7515824181464,-32.802700589220954,36.0,36.0,247.192230889644,308.38368756648975,30459087.052615423,37999113.28680754,42.0,32.0,369.12187806798687,542.5776705228234,66856553.05501081,32.0,42.0,478.05245310574935,553.7946511489611,68238712.14686172
51,169.54384487797222,-166.72841218586473,-32.80014928898631,93.0,93.0,1399.9689435677192,1801.5534801006188,172504515.08779058,221987859.74315152,92.0,100.0,1499.18254617402,1833.0503990785344,225868917.7909095,15.0,92.0,1700.0019252660452,1873.4498045063203,230846942.3929375
52,169.56587524716554,-166.76189681612513,-32.809044387112316,41.0,41.0,177.07539735150993,188.39533620150019,21819273.702068716,23214119.331404317,66.0,66.0,229.9209999414257,234.59282045535699,28906584.622225903,47.0,47.0,260.1490155173841,334.2473065351123,41186034.731813006
53,169.56379320612336,-166.75873318188025,-32.8079451038931,41.0,74.0,202.93796481130022,282.4792565278098,25006065.579899102,34807162.96856362,56.0,41.0,274.8236434107039,306.1195664719461,37720127.73265735,74.0,34.0,279.35722050448874,313.6719763828818,38650737.52612179
54,169.57370693656836,-166.77379523946726,-32.80140742110035,62.0,46.0,227.71261531568862,299.7800009404949,28058804.064824127,36938964.91980003,46.0,62.0,296.2124151042071,306.57004730914105,37775636.091420375,45.0,45.0,341.1629986788837,496.8774903386612,61225365.69309473
55,169.5755542280173,-166.776601369804,-32.79323233406946,57.0,57.0,169.39533831274466,178.56302181003753,20872934.951902207,22002579.15111465,64.0,64.0,355.8527608114591,407.8183510286169,50251476.79977155,43.0,40.0,395.5510358555204,517.8865327941037,63814105.03469685
56,169.56229364725127,-166.7564545022728,-32.806294115834596,61.0,61.0,193.3724534839907,289.2290880940959,23827400.93832559,35638878.86241702,68.0,68.0,257.87040301328256,303.34049263822493,37377689.57623831,53.0,53.0,274.8236434107039,346.73183413918633,42724381.2718102
57,169.57595510673573,-166.77721030506532,-32.79454732306268,55.0,55.0,169.39533831274466,178.56302181003753,20872934.951902207,22002579.15111465,64.0,64.0,193.80723523921802,240.69304235457903,29658255.45427413,58.0,58.0,342.129243809089,517.7955553024964,63802894.76596501
58,169.5787139657294,-166.78140082132668,-32.794860405255704,65.0,65.0,206.85875806919356,208.18494269044479,25489186.682563517,25652599.475437917,64.0,64.0,241.4567069755282,344.6518103229709,42468080.22925072,57.0,57.0,342.129243809089,517.7955553024964,63802894.76596501
59,169.57105927674178,-166.76977304385736,-32.80811093110801,71.0,71.0,126.32737901160691,131.79121960209145,15566090.489959972,16239346.261746263,85.0,77.0,135.17298344705492,163.3630581981464,20129635.923146173,77.0,63.0,148.74080931958952,171.39856872944915,21119773.493021604
60,169.56823426951408,-166.76548108687462,-32.80801015505504,48.0,48.0,99.6022813894688,110.8636765330331,12273017.434902024,13660649.294435905,47.0,47.0,121.43349358366697,172.59258267798165,21266900.18332857,67.0,67.0,294.7244927602098,298.4371368950304,36773496.88420108
61,169.56076816934055,-166.75413633434624,-32.80666248266263,68.0,68.0,178.11081978560458,186.50945512710086,21946858.70723985,22981740.604899548,56.0,56.0,193.3724534839907,289.2290880940959,35638878.86241702,53.0,75.0,404.86738650144844,425.45847705731256,52425097.4366071
62,169.5751637260564,-166.77600818997595,-32.80027035623796,54.0,54.0,227.71261531568862,306.57004730914105,28058804.064824127,37775636.091420375,46.0,46.0,268.0296544450026,367.46161585331083,45278710.036673844,72.0,72.0,367.8694360628039,396.85818793270096,48900962.82670738
63,169.57152404234742,-166.7704791156511,-32.80691246301722,59.0,59.0,158.39112061319443,171.39856872944915,19516992.55982044,21119773.493021604,85.0,85.0,208.39013416714653,222.7022197191486,27441421.89591937,77.0,77.0,284.19021833023004,284.1976763748721,35018907.0817432
64,169.57696820403245,-166.77874916922812,-32.79575044316848,57.0,57.0,193.80723523921802,240.69304235457903,23880974.85237498,29658255.45427413,58.0,58.0,241.4567069755282,344.6518103229709,42468080.22925072,65.0,65.0,254.50368343175174,370.6020193499373,45665671.32238992
65,169.5788805127146,-166.781653783856,-32.79653089597011,58.0,58.0,206.85875806919356,208.18494269044479,25489186.682563517,25652599.475437917,64.0,64.0,254.50368343175174,370.6020193499373,45665671.32238992,57.0,57.0,435.51971093623433,599.603752577401,73883320.8110954
66,169.5655447737122,-166.7613946788896,-32.81088082435282,81.0,81.0,120.53071310536498,122.57035490037099,14851823.90149274,15103149.061537823,88.0,91.0,192.41832119986213,231.25782088359662,28495645.160612993,91.0,52.0,211.2448222606627,234.59282045535699,28906584.622225903
67,169.5685672223523,-166.76598695155923,-32.810378718906605,73.0,73.0,262.3470496401692,288.65449010473884,32326467.51974237,35568076.757856146,60.0,60.0,294.7244927602098,298.4371368950304,36773496.88420108,86.0,48.0,297.82090658670364,381.91255146172637,47059357.851147324
68,169.5611606448419,-166.7547327633056,-32.808053647056326,61.0,61.0,178.11081978560458,186.50945512710086,21946858.70723985,22981740.604899548,56.0,75.0,257.87040301328256,265.6474477634804,32733143.382427968,75.0,56.0,259.11766089320696,303.34049263822493,37377689.57623831
69,169.57597276447584,-166.77723712702965,-32.80543595373083,76.0,72.0,220.51816235707773,296.10808250045045,27172301.814435415,36486510.23296422,72.0,76.0,294.04368050937785,325.22123856401726,40073840.43232005,79.0,96.0,298.60971711563656,339.38555982490766,41819171.55690253
70,169.55822472034146,-166.75027099294033,-32.80936798395935,84.0,84.0,125.65707530726586,178.12683931142513,15483495.50382819,21948832.6371233,75.0,75.0,323.9655971283241,480.9340083598404,59260805.950391844,68.0,68.0,396.36208596574227,573.1380915112129,70622215.59181398
71,169.57079279353326,-166.76936819829848,-32.80910090826175,77.0,59.0,93.04546399753866,131.79121960209145,11465084.794745289,16239346.261746263,59.0,77.0,126.32737901160691,140.37584386747955,17297145.760024935,85.0,85.0,174.7285325964839,252.00805227893687,31052493.740189698
72,169.57622051023196,-166.77761344936573,-32.80306252285316,80.0,80.0,157.7832282323195,235.00262481092304,19442087.912206504,28957080.814989746,87.0,69.0,251.86984178787876,296.10808250045045,36486510.23296422,76.0,76.0,285.15176349833877,350.6897687121521,43212078.93638745
73,169.56942146953534,-166.76728481096305,-32.81232892096011,106.0,106.0,129.2669310450279,145.92868708199615,15928302.809333533,17981368.456878196,86.0,86.0,206.36537444090476,281.5420004775771,34691674.049183406,90.0,67.0,234.351507119395,288.65449010473884,35568076.757856146
74,169.56349612723366,-166.75828175865956,-32.810192692822035,83.0,83.0,84.11380902627718,90.76668796947214,10364524.088146739,11184293.456107797,88.0,88.0,158.43929735881392,176.97885506878103,21807377.738415997,66.0,53.0,266.2948101267277,282.4792565278098,34807162.96856362
75,169.5607454810138,-166.75410185561506,-32.810115139873474,84.0,82.0,202.81376737992704,238.66505397917243,24990761.942077268,29408366.23143776,82.0,68.0,236.64663856123894,265.6474477634804,32733143.382427968,68.0,84.0,259.11766089320696,306.04697324220854,37711182.777162395
76,169.57766950672993,-166.77981440007716,-32.80486689554171,87.0,87.0,148.97546945485288,163.2716974047486,18356793.724861834,20118378.42387411,69.0,80.0,220.51816235707773,266.47570666049864,32835201.64597285,80.0,69.0,264.7839218355152,325.22123856401726,40073840.43232005
77,169.57153865266548,-166.77050131148695,-32.80921877654477,71.0,85.0,93.04546399753866,134.04990722923037,11465084.794745289,16517662.30271603,85.0,71.0,110.08521116260286,140.37584386747955,17297145.760024935,59.0,59.0,148.74080931958952,163.3630581981464,20129635.923146173
78,169.57755142683158,-166.77963504631666,-32.80757061866863,94.0,94.0,100.6024548463111,100.65905657885713,12396259.052488603,12403233.53179462,95.0,95.0,184.58182041353274,278.5641519520161,34324742.82669665,96.0,76.0,277.07835724085044,333.8856308684343,41141468.967846595
79,169.57445420285606,-166.77493039352035,-32.807324538052534,96.0,96.0,139.74067882436952,188.16307852172235,17218880.568310626,23185500.483386595,69.0,69.0,298.60971711563656,367.34867204489063,45264793.073020324,85.0,85.0,326.7854526346578,467.51774919262266,57607651.21966259
80,169.57745669962313,-166.77949116294408,-32.80272859184347,87.0,87.0,152.17329763697924,180.3482529444122,18750830.894347865,22222555.767431658,72.0,72.0,157.7832282323195,235.00262481092304,28957080.814989746,76.0,76.0,264.7839218355152,266.47570666049864,32835201.64597285
81,169.56570273935333,-166.76163470007683,-32.81184615809274,91.0,91.0,98.29540752972238,121.74835734900302,12111984.11877578,15001862.32253294,66.0,66.0,120.53071310536498,122.57035490037099,15103149.061537823,97.0,97.0,174.53472878548175,195.82855332361441,24130042.16032424
82,169.56096515562396,-166.7544356871968,-32.8120230525115,102.0,102.0,177.0668818977164,185.2324516872692,21818224.42577287,22824387.929209314,75.0,75.0,236.64663856123894,238.66505397917243,29408366.23143776,83.0,99.0,318.00879548848815,435.49482964253616,53661779.25295651
83,169.56325418185665,-166.75791411011014,-32.81083100768197,74.0,74.0,84.11380902627718,90.76668796947214,10364524.088146739,11184293.456107797,88.0,88.0,117.66970120590865,163.1186766754286,20099523.172240842,66.0,53.0,282.3140302756176,369.6467518091382,45547963.022743866
84,169.5591200301738,-166.75163164991335,-32.8098562091641,70.0,70.0,125.65707530726586,178.12683931142513,15483495.50382819,21948832.6371233,75.0,75.0,202.81376737992704,306.04697324220854,37711182.777162395,68.0,82.0,335.4972594445127,436.6560224931714,53804861.71956592
85,169.57208144301336,-166.7713259059335,-32.80850916696832,77.0,77.0,110.08521116260286,134.04990722923037,13564726.601396386,16517662.30271603,59.0,59.0,135.17298344705492,197.53601903273474,24340436.501951702,71.0,63.0,174.7285325964839,222.7022197191486,27441421.89591937
86,169.57078041736273,-166.7693493961452,-32.81135008998194,73.0,90.0,206.36537444090476,231.25202837313014,25428391.83140538,28494931.406058833,90.0,71.0,225.66764768741564,277.1544043563931,34151033.383714736,106.0,73.0,259.20852835015245,281.5420004775771,34691674.049183406
87,169.5781437791349,-166.78053477503175,-32.80375478505062,76.0,76.0,148.97546945485288,163.2716974047486,18356793.724861834,20118378.42387411,80.0,80.0,152.17329763697924,180.3482529444122,22222555.767431658,72.0,72.0,251.86984178787876,369.9352187063522,45583507.98425991
88,169.5640554902871,-166.7591317298647,-32.8113504713491,83.0,83.0,117.66970120590865,163.1186766754286,14499289.316605184,20099523.172240842,74.0,74.0,158.43929735881392,176.97885506878103,21807377.738415997,66.0,66.0,192.41832119986213,284.7829270109048,35091021.80802874
89,169.57383679964667,-166.7739925130962,-32.81144741566495,111.0,110.0,302.78314080136596,403.25488630073556,37309012.54679963,49689165.561639905,108.0,98.0,342.1863895388435,416.121811285954,51274631.20032013,110.0,111.0,354.3722686042283,422.8452475982869,52103094.66453593
90,169.57113885976693,-166.76989394705137,-32.813146087532964,122.0,122.0,101.04546839203222,108.23686979166067,12450847.289772773,13336973.526318502,132.0,132.0,144.3201277263046,144.3267741523145,17783980.354508314,106.0,140.0,153.07594939026475,219.29617932440667,27021728.766751066
91,169.566212367031,-166.76240904723346,-32.81245986716619,97.0,97.0,82.05095042084997,83.7870300367954,10110338.147052195,10324258.301265942,81.0,81.0,98.29540752972238,121.74835734900302,15001862.32253294,101.0,101.0,166.85940437652735,205.52006022094275,25324232.006802592
92,169.55180773452602,-166.74051766485672,-32.80934827086739,93.0,93.0,144.1769007282007,144.54957445114357,17765512.914591108,17811433.86173611,70.0,70.0,790.7062901913434,1201.8099229033312,148087312.17265448,84.0,84.0,903.1940426783419,1370.89743094782,168922316.2037325
93,169.5518812690246,-166.74062944204584,-32.80818050904237,92.0,92.0,144.1769007282007,144.54957445114357,17765512.914591108,17811433.86173611,70.0,70.0,795.2191161866907,1197.010949276564,147495981.4704927,84.0,84.0,915.5490835508486,1371.3286594702436,168975452.2875681
94,169.5775753850981,-166.7796714370248,-32.80838671127885,78.0,78.0,100.6024548463111,100.65905657885713,12396259.052488603,12403233.53179462,95.0,95.0,193.75679675221838,282.26279800060564,34780490.895984046,96.0,108.0,278.0514981611952,330.43541721119885,40716332.79848708
95,169.57903243882475,-166.7818845381611,-32.80779546591811,78.0,78.0,184.58182041353274,278.5641519520161,22744216.984780483,34324742.82669665,94.0,94.0,193.75679675221838,282.26279800060564,34780490.895984046,76.0,76.0,398.02443645131336,441.9124656702927,54452561.931432776
96,169.5753485307043,-166.7762889125598,-32.808021888697745,79.0,79.0,139.74067882436952,188.16307852172235,17218880.568310626,23185500.483386595,78.0,69.0,277.07835724085044,339.38555982490766,41819171.55690253,94.0,108.0,278.0514981611952,353.71805294869546,43585224.85949746
97,169.5663327412879,-166.76259194664846,-32.81311478518144,91.0,91.0,82.05095042084997,83.7870300367954,10110338.147052195,10324258.301265942,101.0,105.0,129.38426635701228,171.90924788711496,21182699.503533006,105.0,101.0,162.11526826946164,188.40491091428692,23215299.129851967
98,169.57392188908796,-166.77412177115977,-32.81482199824657,104.0,104.0,100.4726255396387,127.46326451560846,12380261.453617137,15706054.579137327,123.0,123.0,148.85030313133672,195.35654912550416,24071881.687773388,109.0,136.0,170.02400381669457,241.7593124975913,29789641.521670863
99,169.56225991437066,-166.75640324176325,-32.81495901288009,102.0,102.0,221.59394677375784,255.98655097988657,27304860.23295681,31542725.321638726,116.0,116.0,291.61952675564663,295.34406522660123,36392367.83791353,82.0,82.0,395.38654782171847,435.49482964253616,53661779.25295651
100,169.54506123160738,-166.73026152168688,-32.814910102720084,115.0,115.0,879.1467550269817,975.8199218882626,108328677.83512954,120240769.06260158,92.0,92.0,1077.37960806513,1437.6293738437048,177145042.50277764,93.0,93.0,1180.6038995705974,1523.0600570419099,187671832.1479596
101,169.56536118317908,-166.76111572051812,-32.813513064153256,97.0,97.0,129.38426635701228,188.40491091428692,15942760.895128608,23215299.129851967,91.0,91.0,166.85940437652735,205.52006022094275,25324232.006802592,117.0,117.0,189.9140417448092,208.91221998920577,25742214.76178663
102,169.56135091735223,-166.75502191018813,-32.81340730056893,82.0,82.0,177.0668818977164,185.2324516872692,21818224.42577287,22824387.929209314,99.0,99.0,221.59394677375784,255.98655097988657,31542725.321638726,83.0,75.0,394.68390212507296,421.20461814321555,51900935.90245326
103,169.5803547620151,-166.78389291697195,-32.810860394492906,119.0,128.0,224.81035173024082,243.0870208958784,27701186.43711537,29953242.074723717,128.0,119.0,237.75694343875898,247.95752125096502,30553386.31781527,114.0,95.0,337.34087448764234,451.5206170791011,55636480.69426095
104,169.5744785588172,-166.77496739165085,-32.81541780073011,98.0,98.0,100.4726255396387,127.46326451560846,12380261.453617137,15706054.579137327,125.0,125.0,143.1801563680121,163.27590237609593,20118896.56147035,123.0,110.0,181.13280995527245,223.22548227256726,27505898.435528208
105,169.56673851272214,-166.7632084803519,-32.8143663027786,117.0,117.0,116.22683307010999,158.05017221925328,14321498.752575055,19474980.8154621,97.0,97.0,162.11526826946164,171.90924788711496,21182699.503533006,101.0,91.0,199.64162148040572,254.72906127640974,31387777.133307245
106,169.56990193697905,-166.7680147718208,-32.813261499905224,73.0,73.0,129.2669310450279,145.92868708199615,15928302.809333533,17981368.456878196,122.0,122.0,143.51027170867226,197.38682480446124,24322052.75271179,90.0,90.0,153.07594939026475,231.9887261236299,28585707.48277119
107,169.55641584300088,-166.74752182293088,-32.818326024218436,116.0,102.0,771.3562647983117,1105.17741508934,95046707.30756512,136180230.9629181,99.0,82.0,831.0740575600629,1152.8106437860579,142049609.0345865,102.0,70.0,858.5613232300884,1154.6231396599596,142272945.21876585
108,169.57640821665973,-166.7778985709842,-32.81039874339114,94.0,111.0,286.61768811375975,300.99360023409065,35317101.51915672,37088504.92110827,113.0,94.0,286.85972339358284,330.43541721119885,40716332.79848708,111.0,113.0,293.4105301598387,351.4415746684358,43304716.649905816
109,169.5725872471692,-166.7720943000225,-32.81447173478362,140.0,123.0,138.13038499941484,164.48721252104855,17020459.769978654,20268154.493323795,123.0,140.0,152.5412529365154,203.7879909758676,25110806.011466783,98.0,147.0,170.02400381669457,217.29470492296232,26775106.60226083
110,169.57520263022215,-166.7760672864402,-32.81397831581003,126.0,126.0,147.0627246736807,184.56074380103544,18121104.8458486,22741619.919441827,111.0,111.0,177.94208488011097,205.4611166704429,25316968.96811645,98.0,104.0,188.97735354981992,223.22548227256726,27505898.435528208
111,169.57593168438015,-166.77717472667533,-32.81273176114947,110.0,110.0,177.94208488011097,205.4611166704429,21926067.150981195,25316968.96811645,127.0,126.0,196.88028443244374,263.93194583515634,32521758.81590784,113.0,127.0,244.34795942487125,284.67259241486397,35077426.35216175
112,169.58689628504663,-166.79382720765707,-32.81334509610292,133.0,133.0,139.70015439598873,139.82432230037247,17213887.138349798,17229187.137848783,120.0,120.0,409.0828241197711,473.50292924060426,58345146.566708654,124.0,131.0,494.61800636174956,497.90485822222985,61351958.214583196
113,169.57784939761993,-166.78008763851366,-32.812227047142265,127.0,127.0,153.1176807631455,166.17090870220466,18867198.013764985,20475619.947911184,111.0,108.0,244.34795942487125,351.4415746684358,43304716.649905816,128.0,111.0,272.34415729104114,364.27771507426627,44886389.00519651
114,169.58301633852415,-166.78793515262427,-32.81150152463324,119.0,118.0,268.08375064895745,288.8176658016381,33033345.218902405,35588183.30707429,118.0,121.0,286.773825585686,369.4751366632734,45526816.56256334,120.0,119.0,296.8962481013165,380.67306591456446,46906628.13935344
115,169.54806237118845,-166.73482415262143,-32.82138296516428,100.0,100.0,879.1467550269817,975.8199218882626,108328677.83512954,120240769.06260158,107.0,107.0,1096.0742309708874,1609.3135602222133,198300009.87226188,92.0,92.0,1553.071855351844,1640.4958037213917,202142293.53068864
116,169.5625915508961,-166.75690719466786,-32.81730231446934,99.0,99.0,291.61952675564663,295.34406522660123,35933429.29801957,36392367.83791353,130.0,102.0,400.83215510553646,533.2096181519187,65702219.35426342,137.0,130.0,485.72393419130424,587.607937799414,72405193.58486848
117,169.56597868911732,-166.76205398979616,-32.814925211100984,105.0,105.0,116.22683307010999,158.05017221925328,14321498.752575055,19474980.8154621,130.0,130.0,158.43931706118477,165.50046206256826,20393007.349257402,101.0,101.0,189.9140417448092,208.91221998920577,25742214.76178663
118,169.58277280399534,-166.78756530074028,-32.81381607487407,121.0,121.0,81.36688866235563,100.59998912362302,10026047.890128035,12395955.225536866,119.0,114.0,260.485544900543,288.8176658016381,35588183.30707429,114.0,119.0,286.773825585686,351.47208781429,43308476.48718904
119,169.5810974460861,-166.78502089071375,-32.81252684972301,128.0,128.0,138.7083105910701,208.17785115241634,17091671.902507287,25651725.654390354,103.0,103.0,224.81035173024082,247.95752125096502,30553386.31781527,118.0,121.0,260.485544900543,322.97320190337615,39796836.80604304
120,169.58520296149428,-166.79125582274878,-32.810489469478,114.0,114.0,296.8962481013165,427.7554122022064,36583628.19076675,52708126.34605437,112.0,112.0,409.0828241197711,473.50292924060426,58345146.566708654,118.0,133.0,507.6310507719054,580.5521950266985,71535783.23745774
121,169.5823527614701,-166.78692738286372,-32.814325593524295,118.0,118.0,81.36688866235563,100.59998912362302,10026047.890128035,12395955.225536866,119.0,119.0,270.27949712091544,322.97320190337615,39796836.80604304,128.0,114.0,348.9659327735767,369.4751366632734,45526816.56256334
122,169.57086357262253,-166.76947572733272,-32.81391853933236,132.0,132.0,59.025594663371685,69.88207383688291,7273148.188005416,8610886.202832071,90.0,90.0,101.04546839203222,108.23686979166067,13336973.526318502,140.0,140.0,138.38115235068082,166.76602356563697,20548950.14670567
123,169.57302397715978,-166.77275775070487,-32.815630096653145,136.0,136.0,127.09642031940166,136.40802224091902,15660851.947700264,16808229.810289394,98.0,109.0,148.85030313133672,164.48721252104855,20268154.493323795,109.0,98.0,152.5412529365154,195.35654912550416,24071881.687773388
124,169.58606233418928,-166.79256083322724,-32.81727160858726,131.0,131.0,92.52254689932813,139.61198408053608,11400650.822211556,17203022.770549223,133.0,133.0,357.7912218861122,374.77391557925273,46179733.394510336,129.0,129.0,413.8486414337996,429.97087531730523,52981116.25209547
125,169.57503553078348,-166.77581345746464,-32.816437601149396,104.0,146.0,143.1801563680121,150.6526646893399,17642693.83113155,18563458.131213173,146.0,104.0,145.2255963288014,163.27590237609593,20118896.56147035,136.0,126.0,205.52203240825395,263.4882409347166,32467085.38972641
126,169.57599411550018,-166.77726955904433,-32.81487161361553,110.0,110.0,147.0627246736807,184.56074380103544,18121104.8458486,22741619.919441827,148.0,125.0,195.68445430898404,263.4882409347166,32467085.38972641,104.0,111.0,198.50442589726,263.93194583515634,32521758.81590784
127,169.57739113746118,-166.77939157880905,-32.813382095714566,113.0,113.0,153.1176807631455,166.17090870220466,18867198.013764985,20475619.947911184,111.0,148.0,196.88028443244374,224.52348798924476,27665839.016899973,148.0,111.0,223.4004162946852,284.67259241486397,35077426.35216175
128,169.5799953540861,-166.78334704657203,-32.81275615430068,119.0,119.0,138.7083105910701,208.17785115241634,17091671.902507287,25651725.654390354,103.0,103.0,237.75694343875898,243.0870208958784,29953242.074723717,113.0,113.0,272.34415729104114,406.8824126567951,50136150.2450469
129,169.5852340504238,-166.79130303378003,-32.82052648209107,124.0,124.0,413.8486414337996,429.97087531730523,50994530.65604752,52981116.25209547,131.0,131.0,432.9538084048996,486.18270435833483,59907551.553016506,169.0,185.0,472.97385489082205,638.8981617563102,78725187.50550544
130,169.56563940298352,-166.7615384636452,-32.81616546247627,137.0,137.0,106.18356857279358,155.46146054235442,13083965.248729734,19155999.130491644,117.0,117.0,158.43931706118477,165.50046206256826,20393007.349257402,145.0,105.0,215.58496547317375,302.4782539703548,37271444.317031465
131,169.5868048249093,-166.79368832475024,-32.81738348022656,124.0,124.0,92.52254689932813,139.61198408053608,11400650.822211556,17203022.770549223,133.0,133.0,358.0578916954392,358.12605769200763,44128380.28036838,141.0,129.0,392.473423933092,486.18270435833483,59907551.553016506
132,169.57112903112773,-166.76987901531618,-32.81431728344366,122.0,122.0,59.025594663371685,69.88207383688291,7273148.188005416,8610886.202832071,140.0,140.0,79.44327051734652,97.0001520120689,11952382.417599332,90.0,90.0,144.3201277263046,144.3267741523145,17783980.354508314
133,169.58685444579274,-166.79376367448137,-32.81447806735788,112.0,112.0,139.70015439598873,139.82432230037247,17213887.138349798,17229187.137848783,124.0,131.0,357.7912218861122,358.12605769200763,44128380.28036838,131.0,124.0,358.0578916954392,374.77391557925273,46179733.394510336
134,169.5897463728346,-166.79815490087498,-32.81891348111021,141.0,141.0,83.67694444607511,107.11986407887701,10310693.527895354,13199335.809625315,131.0,131.0,408.55654012658067,581.766671904566,71685431.37491424,124.0,124.0,496.98997322096676,718.3786547305046,88518793.25829531
135,169.5792890172712,-166.7822742422536,-32.81808378199486,142.0,142.0,86.62524458502,123.48254502388231,10673983.790967787,15215549.351306522,150.0,156.0,182.53472300043342,191.99135226555094,23657221.308935415,156.0,150.0,191.28136597731034,231.26229292757623,28496196.2069642
136,169.57337551200743,-166.7732917725212,-32.81659980145957,123.0,123.0,127.09642031940166,136.40802224091902,15660851.947700264,16808229.810289394,104.0,98.0,199.21470742451478,241.7593124975913,29789641.521670863,125.0,104.0,205.52203240825395,252.67137159863006,31134228.10873964
137,169.56644493709874,-166.76276241896403,-32.81647157878555,130.0,130.0,106.18356857279358,155.46146054235442,13083965.248729734,19155999.130491644,145.0,145.0,111.63641195124451,169.34015165858634,20866134.83890067,117.0,117.0,199.01653292248398,209.58763487019755,25825439.548353422
138,169.56593297453253,-166.76198452936046,-32.82304715350667,154.0,154.0,328.21727643607176,331.9434166523241,40443012.95052343,40902148.857864104,153.0,153.0,482.04352646445824,516.2697805539523,63614888.42886724,164.0,157.0,483.1241504494366,541.4698054029624,66720041.64440961
139,169.57590103823753,-166.77712817536784,-32.818885695249925,151.0,161.0,175.40930499475002,207.33756151317255,21613977.395022146,25548184.95985063,161.0,151.0,203.50703115449716,264.11962282279933,32544884.42015445,146.0,146.0,214.26157729547407,268.62036804211175,33099467.345124617
140,169.57152398520424,-166.77047902883982,-32.81482687409769,132.0,132.0,79.44327051734652,97.0001520120689,9789019.192567628,11952382.417599332,147.0,147.0,119.09860732664833,124.92277628530834,15393014.999032555,109.0,122.0,138.13038499941484,166.76602356563697,20548950.14670567
141,169.58927134405133,-166.79743362228655,-32.81939876789625,134.0,134.0,83.67694444607511,107.11986407887701,10310693.527895354,13199335.809625315,131.0,131.0,392.473423933092,524.0648107289107,64575393.950510524,124.0,124.0,474.39875660174454,655.1433933344715,80726928.90752394
142,169.57991374209664,-166.78322309310994,-32.817761378498176,135.0,135.0,86.62524458502,123.48254502388231,10673983.790967787,15215549.351306522,150.0,150.0,179.79459545165835,187.72808921602004,23131900.994917,156.0,156.0,247.92879271822642,269.05038484204016,33152454.120218504
143,169.56913159820297,-166.76684441252337,-32.81496484024856,106.0,106.0,230.35233395941623,254.65511466402927,28384070.84070272,31378665.413672544,122.0,73.0,249.33399465830826,329.30068572924694,40576510.908188485,132.0,122.0,258.7351712646672,348.9235997204451,42994451.16194478
144,169.57708674890262,-166.7789292323176,-32.82058910865296,161.0,161.0,181.04130716111584,274.78850085807426,22307954.077252258,33859506.176916905,139.0,139.0,255.73847402129664,305.4625468978035,37639169.62029251,156.0,168.0,282.72302493609214,371.60201524612035,45788891.06090872
145,169.5673482907933,-166.7641349702736,-32.81654065480189,137.0,137.0,111.63641195124451,169.34015165858634,13755865.941363811,20866134.83890067,130.0,105.0,215.58496547317375,291.2325602535574,35885747.19113797,117.0,130.0,260.9671862257964,323.2651098211471,39832805.77095238
146,169.57475112436194,-166.7753814328661,-32.81758135673069,151.0,151.0,133.60623150020217,138.22815493988898,16462992.471043058,17032507.005918525,125.0,125.0,145.2255963288014,150.6526646893399,18563458.131213173,136.0,139.0,208.22982103111048,268.62036804211175,33099467.345124617
147,169.57179150660704,-166.7708854429327,-32.81575566495754,140.0,140.0,119.09860732664833,124.92277628530834,14675359.477730338,15393014.999032555,123.0,132.0,152.6514860471264,216.3151628641336,26654407.19057551,109.0,109.0,186.12701292710818,217.29470492296232,26775106.60226083
148,169.57755034511587,-166.77963340327562,-32.81518810903653,126.0,127.0,195.68445430898404,224.52348798924476,24112286.244553637,27665839.016899973,127.0,126.0,223.4004162946852,293.8726333787109,36211057.64630442,110.0,113.0,325.4359526661799,369.1308588544789,45484394.56689375
149,169.57588618399123,-166.77710561184142,-32.823570025201136,168.0,167.0,231.0686963677557,241.8519825809935,28472341.19158836,29801060.351976983,167.0,181.0,241.85041498580992,318.17636116758905,39205768.919228666,181.0,168.0,242.16122965876653,350.41454066838276,43178165.26962567
150,169.5802970886499,-166.78380532278925,-32.81916925330577,156.0,142.0,149.8983581832872,187.72808921602004,18470512.299341656,23131900.994917,142.0,156.0,179.79459545165835,218.15074520618606,26880588.094997946,135.0,135.0,182.53472300043342,231.26229292757623,28496196.2069642
151,169.57449955498268,-166.7749992860339,-32.81863605730583,146.0,146.0,133.60623150020217,138.22815493988898,16462992.471043058,17032507.005918525,139.0,139.0,175.40930499475002,264.11962282279933,32544884.42015445,161.0,125.0,269.32704533638673,288.87420899780295,35595150.57351313
152,169.57175198920686,-166.770825408952,-32.81808864073154,136.0,147.0,271.4334925215799,287.5650067161477,33446101.230427492,35433830.3486707,147.0,136.0,287.5110816001744,354.98534741273187,43741381.192819335,123.0,123.0,341.0862857468911,385.3147205413313,47478573.95591911
153,169.5672443498492,-166.7639770447451,-32.81936144931507,145.0,145.0,347.8148771318874,348.1232975567442,42857834.09384138,42895837.733906075,160.0,137.0,351.71187035504965,386.2648551121368,47595649.76974913,137.0,130.0,369.4637828465562,495.35472507022536,61037730.18487079
154,169.56628482453448,-166.76251914090824,-32.82568747644695,157.0,157.0,208.04543310549448,209.61378582601878,25635409.0703132,25828661.875515573,162.0,162.0,320.82262512055735,326.1387076766031,40186891.2004116,138.0,138.0,328.21727643607176,331.9434166523241,40902148.857864104
155,169.5868951571649,-166.79382549496242,-32.82877272287574,185.0,185.0,590.1950998636541,739.774886985653,72723984.32618873,91155242.22156589,176.0,176.0,755.916072464492,956.6868367426475,117883185.63881038,191.0,129.0,862.8745659374538,1062.5793823260576,130931290.96372275
156,169.57917191197666,-166.78209637727724,-32.81963171204902,150.0,135.0,149.8983581832872,191.99135226555094,18470512.299341656,23657221.308935415,135.0,150.0,191.28136597731034,218.15074520618606,26880588.094997946,158.0,158.0,216.34984065271763,255.0054138287316,31421829.362287458
157,169.5664663936668,-166.76279502039236,-32.82736608820282,162.0,162.0,113.59699244060893,118.30765720156036,13997449.14802159,14577898.410173213,154.0,154.0,208.04543310549448,209.61378582601878,25828661.875515573,165.0,170.0,235.36501549822444,330.6176878913199,40738792.23620065
158,169.58013018061806,-166.7835518223966,-32.821102952112525,172.0,172.0,160.51132833427016,212.06918905920392,19778245.0729494,26131217.261498753,156.0,150.0,216.34984065271763,240.3096008243488,29611007.69528576,150.0,156.0,239.15679291305804,255.0054138287316,31421829.362287458
159,169.5778284406127,-166.7800558067374,-32.8264168512851,181.0,181.0,198.28308572213425,209.37563995510044,24432490.241847306,25799317.48314767,179.0,179.0,231.67711853426079,325.2743595489294,40080386.01305266,167.0,168.0,262.25945950883175,368.4950550505457,45406050.66691483
160,169.5697802339874,-166.76782987281302,-32.82067160984287,164.0,164.0,175.2283723201443,175.33963327610485,21591682.826674893,21605392.428837404,171.0,171.0,300.6214970595872,407.0776468500149,50160207.050010085,153.0,152.0,351.71187035504965,487.3818808378622,60055314.37165332
161,169.57561946723618,-166.77670046874397,-32.82051308759937,144.0,139.0,181.04130716111584,207.33756151317255,22307954.077252258,25548184.95985063,139.0,144.0,203.50703115449716,274.78850085807426,33859506.176916905,151.0,151.0,269.32704533638673,312.14548922821166,38462643.40616721
162,169.56670087571786,-166.76315129457032,-32.82825767191085,157.0,157.0,113.59699244060893,118.30765720156036,13997449.14802159,14577898.410173213,165.0,170.0,175.6082179194138,212.771149580206,26217713.008309852,170.0,165.0,198.95041654661995,266.69776346347015,32862563.53945952
163,169.57061404479322,-166.7690966385794,-32.82964011252965,189.0,189.0,60.66922090884135,60.72314037530298,7475676.215332755,7482320.185156866,177.0,177.0,113.03389477453597,158.94551998791744,19585305.786153764,178.0,178.0,256.8604621293221,288.7574027809821,35580757.682953306
164,169.56973591982785,-166.76776254772977,-32.82209299376643,160.0,160.0,175.2283723201443,175.33963327610485,21591682.826674893,21605392.428837404,171.0,171.0,245.52458510274357,372.94597185113133,45954493.721961774,153.0,180.0,455.56935704946653,511.1593398730334,62985178.680235095
165,169.56812493494007,-166.7653149706818,-32.82831360374374,162.0,182.0,175.6082179194138,231.82300343425868,21638487.494172182,28565287.092518695,170.0,170.0,211.3992460163054,245.73724971377334,30279803.91682971,182.0,162.0,230.5402049370399,266.69776346347015,32862563.53945952
166,169.5647234839012,-166.76014675067367,-32.828635125648574,174.0,174.0,218.55517818300783,222.39772685163268,26930422.425161265,27403902.210429307,162.0,157.0,248.05400367026405,361.85211432693717,44587505.88879804,157.0,162.0,265.65868832627467,373.1306627791268,45977251.383209445
167,169.57589236456306,-166.77711500010057,-32.825532764501794,181.0,179.0,196.91690993792187,233.96380793642115,24264149.728107303,28829077.546042737,179.0,149.0,229.70442413424695,241.8519825809935,29801060.351976983,149.0,181.0,241.85041498580992,284.6256068784472,35071636.782890975
168,169.5777560726593,-166.7799458862882,-32.82342833220266,181.0,181.0,185.71690296330718,194.28216760777173,22884082.133741897,23939496.134802904,186.0,172.0,223.49406324143993,317.14403611270063,39078565.573879674,149.0,186.0,231.0686963677557,337.4792207106499,41584271.9857307
169,169.58180220271734,-166.78609123832368,-32.822245802940785,158.0,176.0,249.5557041654232,303.79389328694384,30750314.806798473,37433557.714890316,176.0,158.0,274.1702562018165,343.13555516297737,42281246.89817876,186.0,186.0,299.77222512307344,436.34640590594745,53766710.68808225
170,169.56723604324705,-166.76396442386022,-32.82978099162065,182.0,182.0,139.60646690389953,204.65284934057232,17202342.942696817,25217374.070357293,162.0,162.0,198.95041654661995,212.771149580206,26217713.008309852,165.0,165.0,211.3992460163054,245.73724971377334,30279803.91682971
171,169.57172791147138,-166.7707888305423,-32.822140871825155,164.0,164.0,245.52458510274357,372.94597185113133,30253599.3315276,45954493.721961774,160.0,160.0,300.6214970595872,407.0776468500149,50160207.050010085,180.0,180.0,411.2916627358141,415.00137578842447,51136570.864713036
172,169.5791462504683,-166.7820574013015,-32.82195661849153,186.0,186.0,157.437308858242,167.4495838093783,19399463.642461892,20633178.606859498,158.0,158.0,160.51132833427016,212.06918905920392,26131217.261498753,168.0,156.0,249.4574165545113,286.5157936642825,35304546.06021032
173,169.59954336574418,-166.81302830999164,-32.83513535304844,155.0,155.0,1744.6012983252742,2492.6793539620635,214970197.99751988,307148558.6878471,185.0,134.0,2302.7554956293734,2711.874144277444,334157794.27614754,141.0,141.0,2315.604917393727,2729.9177353939413,336381129.979625
174,169.56501548274215,-166.7605904386514,-32.83038462042925,166.0,166.0,218.55517818300783,222.39772685163268,26930422.425161265,27403902.210429307,170.0,162.0,283.54733780335965,410.1937530873614,50544174.4215045,162.0,170.0,334.3894012697117,422.3443555117391,52041374.619317606
175,169.5725962970783,-166.77210804811875,-32.8262268882924,180.0,180.0,182.17411333782385,254.51345128136057,22447538.730968554,31361209.617067028,178.0,178.0,230.49059911842122,273.6013927652295,33713230.42783414,184.0,184.0,262.40024976035807,300.9066094234569,37077785.89217951
176,169.58273124488892,-166.78750218534518,-32.824267607556465,185.0,185.0,166.4658324629566,217.7400012592523,20511960.525729094,26829976.125556335,169.0,169.0,274.1702562018165,303.79389328694384,37433557.714890316,186.0,186.0,414.5993209781712,610.3489312616196,75207344.35245271
177,169.56982113342445,-166.76789200994025,-32.83010140406767,189.0,189.0,100.01141931534379,151.88029779633828,12323431.510036595,18714727.382435836,163.0,163.0,113.03389477453597,158.94551998791744,19585305.786153764,182.0,182.0,187.9429865673584,285.3450236149217,35160283.48883526
178,169.57155016904687,-166.77051880704127,-32.82777756651032,175.0,175.0,230.49059911842122,273.6013927652295,28401107.90735858,33713230.42783414,163.0,163.0,256.8604621293221,288.7574027809821,35580757.682953306,184.0,180.0,260.4145991616398,288.942689429167,35603588.74898819
179,169.57620779474595,-166.77759413478694,-32.8273700619945,167.0,167.0,229.70442413424695,233.96380793642115,28304235.23383089,28829077.546042737,159.0,159.0,231.67711853426079,325.2743595489294,40080386.01305266,184.0,181.0,328.1713947343901,374.0663703897414,46092549.50348179
180,169.5713350296086,-166.77019196870404,-32.82545552701866,175.0,175.0,182.17411333782385,254.51345128136057,22447538.730968554,31361209.617067028,178.0,178.0,287.34771725612313,288.942689429167,35603588.74898819,171.0,171.0,411.2916627358141,415.00137578842447,51136570.864713036
181,169.57735110382285,-166.77933077054263,-32.82488010222669,168.0,168.0,185.71690296330718,194.28216760777173,22884082.133741897,23939496.134802904,167.0,159.0,196.91690993792187,209.37563995510044,25799317.48314767,159.0,167.0,198.28308572213425,284.6256068784472,35071636.782890975
182,169.56829772594944,-166.76557749841584,-32.830176568132956,170.0,170.0,139.60646690389953,204.65284934057232,17202342.942696817,25217374.070357293,177.0,165.0,187.9429865673584,231.82300343425868,28565287.092518695,165.0,177.0,230.5402049370399,285.3450236149217,35160283.48883526
183,169.5730032049415,-166.77272619514704,-32.829494592123645,184.0,184.0,190.97482797060295,211.09389971364826,23531964.93708471,26011041.870181415,178.0,178.0,277.1631238627479,344.59261603302804,42460786.29438918,163.0,193.0,294.9384692576487,400.2266574511575,49316026.4633253
184,169.5736414964704,-166.77369582982223,-32.82808226512162,183.0,183.0,190.97482797060295,211.09389971364826,23531964.93708471,26011041.870181415,178.0,175.0,260.4145991616398,300.9066094234569,37077785.89217951,175.0,178.0,262.40024976035807,393.26981696581413,48458802.8799157
185,169.58372783990012,-166.78901568294597,-32.82517969085313,176.0,176.0,166.4658324629566,217.7400012592523,20511960.525729094,26829976.125556335,169.0,169.0,432.4271671808344,510.4364167578053,62896099.91744458,186.0,129.0,571.2145698469607,638.8981617563102,78725187.50550544
186,169.57955113644067,-166.782672358847,-32.82316845998797,172.0,172.0,157.437308858242,167.4495838093783,19399463.642461892,20633178.606859498,168.0,158.0,223.49406324143993,276.62269485148437,34085516.00868061,158.0,168.0,264.32436798225905,337.4792207106499,41584271.9857307
187,169.57942660689736,-166.78248321900745,-32.83280022866214,191.0,191.0,192.80293355759216,247.55353287441125,23757224.553922486,30503606.77140554,196.0,196.0,282.8816754247331,420.55148391397955,51820456.54323657,194.0,194.0,429.9733165915801,430.69592748531835,53070457.35729007
188,169.5698443556604,-166.76792729066239,-32.835068536185325,199.0,177.0,559.0085663993566,612.0666713527947,68881172.05721244,75419004.70594592,197.0,189.0,561.8676307800368,625.8888121861949,77122172.27469526,190.0,195.0,564.4786580104869,634.2992925480166,78158513.71865194
189,169.5706321988156,-166.76912421870557,-32.83013214180589,163.0,163.0,60.66922090884135,60.72314037530298,7475676.215332755,7482320.185156866,177.0,177.0,100.01141931534379,151.88029779633828,18714727.382435836,182.0,178.0,287.70640067660923,337.2027616992258,41550206.63883392
190,169.57247569304872,-166.7719248331824,-32.83881848607406,195.0,195.0,184.20968358434126,248.92414403533462,22698362.19381463,30672493.813346952,192.0,192.0,420.80778363743184,627.6894890273021,77344052.11476758,188.0,199.0,564.4786580104869,667.751317885378,82280480.44944237
191,169.5805289353226,-166.7841574501174,-32.8316897496412,187.0,187.0,192.80293355759216,247.55353287441125,23757224.553922486,30503606.77140554,196.0,194.0,412.39445659317585,592.1392434174999,72963542.16963811,194.0,196.0,577.6172945543597,622.6239494265529,76719875.08819845
192,169.5757811214227,-166.7769460220411,-32.83796002315841,190.0,199.0,420.80778363743184,546.4686983302004,51852037.857746735,67336006.4515941,198.0,190.0,481.362803578796,627.6894890273021,77344052.11476758,199.0,197.0,504.2948345666423,657.518078373278,81019538.17788503
193,169.5747845877516,-166.77543226526478,-32.831290997866994,197.0,197.0,265.077111792721,284.40449055356265,32662866.44483945,35044390.77534384,183.0,199.0,311.7350005189516,364.37343625689164,44898183.792693965,196.0,183.0,318.98022025756154,400.2266574511575,49316026.4633253
194,169.57960364811308,-166.78275211521063,-32.836285204365275,198.0,198.0,330.6427229788645,330.71275817370366,40741877.06580127,40750506.8196114,187.0,187.0,429.9733165915801,430.69592748531835,53070457.35729007,192.0,191.0,514.2394060154826,592.1392434174999,72963542.16963811
195,169.5712876166978,-166.77011993906305,-32.83972589359762,190.0,190.0,184.20968358434126,248.92414403533462,22698362.19381463,30672493.813346952,192.0,188.0,594.9111560288809,634.2992925480166,78158513.71865194,188.0,192.0,600.8042775935453,868.8006563019704,107053829.02379793
196,169.577217544559,-166.77912790294718,-32.83217535513403,187.0,187.0,282.8816754247331,420.55148391397955,34856749.123310015,51820456.54323657,193.0,193.0,318.98022025756154,468.234101237979,57695920.293618925,191.0,199.0,412.39445659317585,600.0479763544712,73938058.17338194
197,169.5740531916673,-166.77432123025974,-32.83331409475502,199.0,199.0,106.93868291018336,111.89929881256724,13177010.62177587,13788258.924610896,193.0,193.0,265.077111792721,284.40449055356265,35044390.77534384,196.0,183.0,414.39129607862,510.0296731998318,62845980.87690751
198,169.57955533321325,-166.7826787330404,-32.838968116772975,194.0,194.0,330.6427229788645,330.71275817370366,40741877.06580127,40750506.8196114,192.0,192.0,481.362803578796,717.2246845358769,88376600.76912287,187.0,187.0,760.1741810650824,760.3904145325453,93695492.56004322
199,169.5742870286191,-166.7746764453577,-32.83414986505263,197.0,197.0,106.93868291018336,111.89929881256724,13177010.62177587,13788258.924610896,193.0,193.0,357.56567310553,364.37343625689164,44898183.792693965,196.0,192.0,435.4160088483435,546.4686983302004,67336006.4515941
