cloudnum,x,corr_x,y,nn_index,nn2_index,nn3_index,min_dist,min_dist2nd,min_dist3rd,mean_cloud_sep_nn,mean_cloud_sep_nn2,mean_cloud_sep_nn3,beam_sep_nn,beam_sep_nn2,beam_sep_nn3
1,259.2569206056401,0.00414625792601908,-62.82144175018038,7.0,5.0,36.0,427.19173186365197,445.0220720555631,563.288960171833,5.075683302748686,5.287534687604838,6.6927240311836895,3.5599310988637702,3.7085172671296966,4.694074668098613
2,259.2497704403034,0.0008803234951429513,-62.82106768206465,109.0,131.0,193.0,118.16780531558821,162.50500996215297,222.06473950072905,1.4040120901830162,1.9308050792077835,2.6384646666636247,0.9847317109632362,1.3542084163512762,1.8505394958394108
3,259.2979988705305,0.022905050954574235,-62.826992540845914,10.0,16.0,13.0,337.22170750901455,380.14364453400884,550.014711026388,4.006703459968211,4.516680931041852,6.535005892655752,2.8101808959084575,3.167863704450077,4.583455925219905
4,259.2817785485885,0.015498896495623759,-62.824480250107285,21.0,15.0,30.0,359.1250051927664,392.5336762147159,476.34025553452506,4.266947734461888,4.6638932299502125,5.659642032152702,2.99270837660639,3.2711139684559694,3.9695021294543795
5,259.2564036508936,0.00390984009683405,-62.823630911290785,31.0,53.0,1.0,259.00386101388625,384.4420433472426,445.0220720555631,3.0773572488411727,4.567752404241265,5.287534687604838,2.1583655084490543,3.2036836945603584,3.7085172671296966
6,259.29596996354076,0.021975231426011505,-62.83135581912114,9.0,23.0,19.0,434.5204180664168,448.72132448133715,561.7053287625702,5.162759169194366,5.331487396352831,6.673908097020738,3.6210034838868106,3.739344370677814,4.68087773968809
7,259.2533361821123,0.0025091325573999854,-62.82010480745084,113.0,170.0,2.0,308.4895239535791,361.37847876907557,382.4162357705724,3.6653217022089555,4.293722405765939,4.543682749038368,2.5707460329464955,3.011487323075633,3.186801964754774
8,259.29512684461395,0.02158818304906737,-62.83417640068661,23.0,6.0,19.0,187.42451421649312,575.4074438556819,842.7050367111201,2.2268864455412016,6.836709929553971,10.01260924530733,1.561870951804111,4.795062032130687,7.022541972592675
9,259.2935419772371,0.020867893538405936,-62.82951299502996,28.0,19.0,6.0,289.9200236912448,403.0401149884397,434.5204180664168,3.4446879787735014,4.788725598831738,5.162759169194366,2.4160001974270426,3.358667624903668,3.6210034838868106
10,259.29949871549945,0.023588777722838256,-62.82851453079057,3.0,9.0,6.0,337.22170750901455,585.772834438013,660.3883151832379,4.006703459968211,6.9598664327842314,7.846411095277799,2.8101808959084575,4.881440286983446,5.503235959860321
11,259.29087145213873,0.0196496970302677,-62.82761009016964,13.0,28.0,9.0,254.48152738800158,315.2867241773893,456.65257278728916,3.0236250916802097,3.7460827120977065,5.425722611114251,2.1206793949000153,2.6273893681449136,3.805438106560747
12,259.28341708639385,0.01624555902687184,-62.82753440914797,20.0,34.0,15.0,145.5376997081173,313.6938195563643,320.21393079866596,1.7292077941356725,3.7271565981662964,3.8046253722463557,1.212814164234312,2.6141151629697053,2.6684494233222193
13,259.2921404606516,0.0202299828100366,-62.8264926488647,11.0,22.0,16.0,254.48152738800158,320.0539104760751,507.59996111333317,3.0236250916802097,3.8027240890077225,6.031054570880951,2.1206793949000153,2.667115920633962,4.229999675944447
14,259.28635493473996,0.017586041950697243,-62.82945019989819,20.0,18.0,28.0,350.1055048011046,366.24334403768626,386.71749776463975,4.159782440467609,4.351524356441076,4.594788241152628,2.9175458733425415,3.052027866980722,3.2226458147053347
15,259.28101493143043,0.015149154919481602,-62.82639068733088,29.0,12.0,4.0,161.6744058804964,320.21393079866596,392.5336762147159,1.920936247594243,3.8046253722463557,4.6638932299502125,1.3472867156708048,2.6684494233222193,3.2711139684559694
16,259.29683702155876,0.022375832108432695,-62.82518764507561,3.0,13.0,22.0,380.14364453400884,507.59996111333317,619.7127574103546,4.516680931041852,6.031054570880951,7.363124004216522,3.167863704450077,4.229999675944447,5.164272978419627
17,259.28663838093985,0.01771361141110042,-62.832543870932334,27.0,18.0,43.0,193.10484734066858,272.4266375810229,311.256694916568,2.294377386591601,3.2368401175781707,3.698199874713419,1.60920706117224,2.27022197984186,2.5938057909714027
18,259.2858353327361,0.017347710809881373,-62.831246565596835,17.0,40.0,27.0,272.4266375810229,283.12314912143825,288.9656346086463,3.2368401175781707,3.3639308381464086,3.433348394297609,2.27022197984186,2.359359576011988,2.4080469550720554
19,259.2900494750813,0.01927229439507684,-62.83070914740412,28.0,9.0,18.0,315.72318885914484,403.0401149884397,403.85632940295164,3.7512685720574988,4.788725598831738,4.798423459455416,2.63102657382621,3.358667624903668,3.3654694116912673
20,259.2836212389235,0.016338392758213117,-62.828248494716,12.0,34.0,51.0,145.5376997081173,211.23734015445217,296.2684095645975,1.7292077941356725,2.509818801177562,3.5201163959767316,1.212814164234312,1.76031116795377,2.468903413038315
21,259.277981159058,0.013764380333527657,-62.82486596995694,42.0,4.0,15.0,297.07517684269214,359.1250051927664,416.2841489814935,3.5297020103442303,4.266947734461888,4.946084735691238,2.475626473689104,2.99270837660639,3.4690345748457827
22,259.29012336268124,0.019309647127698778,-62.82520397684392,24.0,13.0,30.0,245.9237055481407,320.0539104760751,324.93068487357914,2.9219452365224705,3.8027240890077225,3.8606675381299635,2.0493642129011747,2.667115920633962,2.707755707279829
23,259.29403925445433,0.021092186993142727,-62.833392849006074,8.0,6.0,19.0,187.42451421649312,448.72132448133715,655.3530870832952,2.2268864455412016,5.331487396352831,7.78658497673165,1.561870951804111,3.739344370677814,5.461275725694133
24,259.288457611936,0.018549486861993966,-62.82425385771856,22.0,30.0,25.0,245.9237055481407,273.0450489839776,301.5284229345433,2.9219452365224705,3.2441877795249816,3.5826133032028995,2.0493642129011747,2.2753754081998157,2.5127368577878637
25,259.28634053749494,0.017583253152328223,-62.823117114623194,35.0,24.0,30.0,198.7877446514054,301.5284229345433,443.61667190139104,2.361898794053084,3.5826133032028995,5.270836410077106,1.6565645387617134,2.5127368577878637,3.6968055991782625
26,259.2804684918914,0.014895949248625851,-62.83360203561648,56.0,57.0,43.0,246.06676285341453,271.84550038291866,327.58404546561667,2.9236449734826095,3.229935329509929,3.892193471448998,2.0505563571117897,2.265379169857658,2.7298670455468086
27,259.28454585708795,0.016758177375919593,-62.832549115777155,17.0,43.0,40.0,193.10484734066858,200.3297521169737,284.1788453461965,2.294377386591601,2.3802201728671215,3.376474104556093,1.60920706117224,1.6694146009747828,2.3681570445516402
28,259.29049640461193,0.019477397515576544,-62.8291605283835,9.0,11.0,19.0,289.9200236912448,315.2867241773893,315.72318885914484,3.4446879787735014,3.7460827120977065,3.7512685720574988,2.4160001974270426,2.6273893681449136,2.63102657382621
29,259.279611355445,0.014507922414908232,-62.82686893287033,15.0,51.0,41.0,161.6744058804964,333.53109931178665,363.15037402063183,1.920936247594243,3.962853457717615,4.314775198860292,1.3472867156708048,2.779425827598225,3.026253116838602
30,259.2866107687184,0.017705359149907524,-62.82530865193818,24.0,22.0,25.0,273.0450489839776,324.93068487357914,443.61667190139104,3.2441877795249816,3.8606675381299635,5.270836410077106,2.2753754081998157,2.707755707279829,3.6968055991782625
31,259.25490270458977,0.00322419263015991,-62.82471356667705,53.0,5.0,89.0,144.32955959258373,259.00386101388625,288.7993888479771,1.7148532639460485,3.0773572488411727,3.4313731434473635,1.202746329938199,2.1583655084490543,2.406661573733145
32,259.2776156238759,0.013598540461973884,-62.82247687679237,46.0,42.0,38.0,264.57470254788035,269.3330779908081,377.62168255551484,3.1435472643477875,3.2000839549773388,4.486716211807785,2.204789187899005,2.2444423165900695,3.1468473546292937
33,259.28132866989324,0.015290391972635334,-62.83032117948636,65.0,40.0,34.0,173.7201559583651,255.2409134864775,288.8759781545185,2.0640579608179346,3.0326477460362726,3.432283140142958,1.4476679663197107,2.127007612387315,2.4072998179543235
34,259.28185414036165,0.015531080109930357,-62.82891228361629,51.0,20.0,65.0,156.91277490264486,211.23734015445217,216.43336866984438,1.864360876290367,2.509818801177562,2.5715554716443023,1.3076064575220419,1.76031116795377,1.8036114055820385
35,259.28770868089447,0.018208607551844724,-62.82235794749416,25.0,24.0,30.0,198.7877446514054,389.32504395383177,604.9756365494923,2.361898794053084,4.625769830135844,7.188024739168147,1.6565645387617134,3.244375366281935,5.041463637912441
36,259.25948683645305,0.005318879548783736,-62.818913385867,83.0,90.0,124.0,145.12070572854054,398.0246252818266,407.199061504337,1.7242532755398867,4.729134002224973,4.838140168012825,1.2093392144045059,3.3168718773485586,3.3933255125361454
37,259.2734223258136,0.011682698557451224,-62.82388011242039,42.0,46.0,21.0,260.83936706307827,303.9112504258101,465.52335565681784,3.0991658343335335,3.6109248944829804,5.531120916218963,2.1736613921923214,2.5325937535484204,3.8793612971401528
38,259.27964976841565,0.01452843419779649,-62.82085631067803,47.0,32.0,64.0,252.7005696130026,377.62168255551484,518.8495243710372,3.002464622113004,4.486716211807785,6.1647163815654515,2.105838080108357,3.1468473546292937,4.323746036425315
39,259.28241385810355,0.01578304140091226,-62.83568064417217,67.0,86.0,56.0,193.83879994926156,406.3393644556206,452.1528267384626,2.3030978526553803,4.827925667988314,5.372258828500762,1.6153233329105148,3.3861613704635087,3.7679402228205254
40,259.2827849218272,0.01595477347675345,-62.8313951812844,57.0,33.0,18.0,244.54030021834228,255.2409134864775,283.12314912143825,2.905508290744614,3.0326477460362726,3.3639308381464086,2.0378358351528547,2.127007612387315,2.359359576011988
41,259.2757011407312,0.012722289021845896,-62.8266688928574,29.0,45.0,52.0,363.15037402063183,375.88320546276526,401.9447397374263,4.314775198860292,4.46606047693814,4.775710885631279,3.026253116838602,3.1323600455230474,3.3495394978118895
42,259.2761991562219,0.012951057510787662,-62.8236416175289,37.0,46.0,32.0,260.83936706307827,265.87735217969237,269.3330779908081,3.0991658343335335,3.1590247104038602,3.2000839549773388,2.1736613921923214,2.2156446014974387,2.2444423165900695
43,259.28401258661756,0.016514150479314975,-62.83350980320461,27.0,17.0,26.0,200.3297521169737,311.256694916568,327.58404546561667,2.3802201728671215,3.698199874713419,3.892193471448998,1.6694146009747828,2.5938057909714027,2.7298670455468086
44,259.2706718869242,0.010425689433809088,-62.82616219657664,52.0,60.0,41.0,267.1360560272187,303.92315190964615,475.32658262526587,3.1739800141362693,3.6110663020952507,5.647598066232459,2.2261338002268247,2.532692932580387,3.9610548552105533
45,259.2743581881676,0.012108261473619326,-62.828424409369646,58.0,52.0,59.0,294.9382937598176,323.36582829893433,345.4621622325533,3.504312610281745,3.8420746773728736,4.104612514211498,2.4578191146651496,2.6947152358244555,2.8788513519379473
46,259.27475022568797,0.012289761270213351,-62.822504399897504,32.0,42.0,64.0,264.57470254788035,265.87735217969237,292.6748094329417,3.1435472643477875,3.1590247104038602,3.477418996133743,2.204789187899005,2.2156446014974387,2.4389567452745164
47,259.28072571047505,0.015020483530092167,-62.81970688420739,38.0,50.0,48.0,252.7005696130026,383.6208091518779,469.99936809652615,3.002464622113004,4.55799490103568,5.5843027076923395,2.105838080108357,3.1968400762656524,3.9166614008043887
48,259.27614711816585,0.012929466430703581,-62.81868930208787,54.0,71.0,50.0,236.76251568339737,251.5767636731522,399.5482162310942,2.8130964574814246,2.989112109367628,4.747236564996213,1.9730209640283134,2.0964730306096038,3.329568468592455
49,259.284553383363,0.01676983555776116,-62.81812478564625,66.0,50.0,47.0,317.862363467591,420.07910556589553,476.7063418581514,3.7766851989064936,4.991174554462013,5.663991690869383,2.648853028896595,3.500659213049133,3.9725528488179327
50,259.2800478766439,0.01471179088817027,-62.817834066791406,66.0,76.0,47.0,257.96826276918654,311.667992576766,383.6208091518779,3.065052776804584,3.703086712427293,4.55799490103568,2.149735523076557,2.5972332714730526,3.1968400762656524
51,259.2804498019526,0.014890012026022872,-62.82847434278252,34.0,65.0,20.0,156.91277490264486,239.062206904174,296.2684095645975,1.864360876290367,2.8404202642411005,3.5201163959767316,1.3076064575220419,1.9921850575347855,2.468903413038315
52,259.2716564884997,0.01087488923420224,-62.827405265605634,44.0,45.0,78.0,267.1360560272187,323.36582829893433,353.19155713824676,3.1739800141362693,3.8420746773728736,4.1964494055577495,2.2261338002268247,2.6947152358244555,2.9432629761520595
53,259.2534417830256,0.0025569468148680047,-62.82496801920549,31.0,89.0,62.0,144.32955959258373,209.59436843023178,328.8903814443686,1.7148532639460485,2.490297814403934,3.907714716877145,1.202746329938199,1.7466197369186,2.7407531787030743
54,259.2740997457905,0.011993923380040562,-62.81939433750317,70.0,75.0,48.0,190.53763413862455,234.83275067595457,236.76251568339737,2.263875014442765,2.7901679331306015,2.8130964574814246,1.587813617821873,1.9569395889662902,1.9730209640283134
55,259.2832250316344,0.016151686119375605,-62.83875960493921,72.0,86.0,39.0,271.2864913258596,550.0507603352142,626.7305365838336,3.2232934571950738,6.535434212918616,7.446505825343561,2.260720761048832,4.583756336126791,5.222754471531952
56,259.2784221070192,0.013961248110844275,-62.834382180989515,80.0,26.0,67.0,227.42076289353244,246.06676285341453,351.84451479258985,2.702102318041813,2.9236449734826095,4.180444506979496,1.8951730241127724,2.0505563571117897,2.9320376232715852
57,259.28097114901993,0.015126132239050955,-62.832276834903126,40.0,26.0,88.0,244.54030021834228,271.84550038291866,329.468998762808,2.905508290744614,3.229935329509929,3.914589564967186,2.0378358351528547,2.265379169857658,2.7455749896900694
58,259.2734981527849,0.011714960806240448,-62.82982971272383,87.0,45.0,59.0,268.97240293693034,294.9382937598176,331.90980225089146,3.1957985903222252,3.504312610281745,3.943589998696812,2.2414366911410886,2.4578191146651496,2.7659150187574317
59,259.2770611912502,0.013342069079500812,-62.82960736122728,65.0,58.0,45.0,285.5379987928187,331.90980225089146,345.4621622325533,3.3926229013148643,3.943589998696812,4.104612514211498,2.379483323273492,2.7659150187574317,2.8788513519379473
60,259.26745434015857,0.008956165199766114,-62.82648123529964,79.0,44.0,61.0,248.20626329350918,303.92315190964615,365.9657467196781,2.9490654717039515,3.6110663020952507,4.348226080826623,2.068385527445912,2.532692932580387,3.049714555997321
61,259.26392859943564,0.00734621292186233,-62.82565249581109,81.0,60.0,79.0,331.31900042773856,365.9657467196781,477.2884400477526,3.9365703802788046,4.348226080826623,5.670907896968761,2.7609916702311574,3.049714555997321,3.977403667064609
62,259.25018435799007,0.0010692712251531456,-62.824308551500316,53.0,63.0,31.0,328.8903814443686,396.1984992118366,443.15501457093546,3.907714716877145,4.7074368650595915,5.2653512233822175,2.7407531787030743,3.3016541600986415,3.6929584547577994
63,259.2477130137948,-5.9445665003408206e-05,-62.82270578780385,126.0,173.0,2.0,173.33257908495102,250.65098148384223,381.6897324773578,2.0594529618954667,2.978112418011798,4.5350507920979215,1.44443815904126,2.0887581790320207,3.1807477706446514
64,259.27405340011074,0.011972062142577395,-62.821091576751115,70.0,46.0,54.0,225.63763003145726,292.6748094329417,343.0559951649894,2.680916005153374,3.477418996133743,4.07602361349664,1.8803135835954792,2.4389567452745164,2.858799959708248
65,259.2801537657525,0.01475423585932337,-62.82964936143766,33.0,34.0,51.0,173.7201559583651,216.43336866984438,239.062206904174,2.0640579608179346,2.5715554716443023,2.8404202642411005,1.4476679663197107,1.8036114055820385,1.9921850575347855
66,259.2821545044543,0.01567458922636816,-62.81699611213964,50.0,49.0,76.0,257.96826276918654,317.862363467591,335.8335886787734,3.065052776804584,3.7766851989064936,3.990210510682538,2.149735523076557,2.648853028896595,2.7986132389897813
67,259.28036009653727,0.014845307362776358,-62.83588186326675,39.0,86.0,56.0,193.83879994926156,244.31583705153258,351.84451479258985,2.3030978526553803,2.9028413291372632,4.180444506979496,1.6153233329105148,2.0359653087627736,2.9320376232715852
68,259.27439902254844,0.012124176274832225,-62.835051030479505,80.0,96.0,98.0,271.7948982642433,274.38599785520114,299.2198819156939,3.229334099875348,3.2601202784191345,3.555184347469215,2.264957485535363,2.2865499821266786,2.493499015964119
69,259.27468056983656,0.01225419209257642,-62.83151310671339,87.0,73.0,97.0,254.15547860465603,282.90871969403224,295.71496458197504,3.0197511394426773,3.3613830925251285,3.5135406332740406,2.1179623217054693,2.3575726641169377,2.4642913715164614
70,259.2728101744364,0.011404566032430308,-62.82013015577851,75.0,54.0,64.0,183.55697207606352,190.53763413862455,225.63763003145726,2.180934200680992,2.263875014442765,2.680916005153374,1.5296414339671975,1.587813617821873,1.8803135835954792
71,259.27391205468666,0.011908760390947692,-62.817976856058266,92.0,84.0,48.0,228.48542605537182,229.4703215174542,251.5767636731522,2.7147521252139346,2.726454171576199,2.989112109367628,1.9040452171281006,1.9122526793121204,2.0964730306096038
72,259.2808673945797,0.015075022825753664,-62.839561168718994,55.0,86.0,67.0,271.2864913258596,569.9865346693241,745.069140651403,3.2232934571950738,6.772301336899619,8.852547262793621,2.260720761048832,4.749887788911039,6.208909505428365
73,259.27587479787667,0.012798925721364488,-62.83280254649986,80.0,69.0,96.0,236.01822196351554,282.90871969403224,315.90402364519724,2.8042531233891097,3.3613830925251285,3.753417162574731,1.9668185163626317,2.3575726641169377,2.6325335303766466
74,259.26979248940836,0.010022925960615851,-62.82953614982822,94.0,78.0,58.0,249.04681587661153,263.6486374491477,347.08446202415723,2.95905250654782,3.1325442116005124,4.123887887188344,2.0753901323050985,2.1970719787429,2.89237051686798
75,259.27155704166677,0.01083241294916592,-62.81942483227483,70.0,82.0,54.0,183.55697207606352,231.87219385582077,234.83275067595457,2.180934200680992,2.754992044418439,2.7901679331306015,1.5296414339671975,1.9322682821318418,1.9569395889662902
76,259.2787502068626,0.014119671244592588,-62.81641019944867,91.0,50.0,66.0,283.1544871196416,311.667992576766,335.8335886787734,3.364303180919824,3.703086712427293,3.990210510682538,2.359620725997016,2.5972332714730526,2.7986132389897813
77,259.2831653515323,0.01613747096800451,-62.81500419493611,66.0,76.0,50.0,413.31161371628326,497.05551734448267,640.4256981241444,4.910766524950973,5.90577064522808,7.609225039162026,3.4442634476356977,4.142129311204027,5.33688081770121
78,259.2684778626314,0.009422986751848961,-62.828377806996265,79.0,74.0,94.0,221.7563397048525,263.6486374491477,315.17063122091866,2.634800411066559,3.1325442116005124,3.7447033523470994,1.8479694975404395,2.1970719787429,2.6264219268409916
79,259.26666856521723,0.008596968880705663,-62.82765561154151,78.0,60.0,81.0,221.7563397048525,248.20626329350918,291.94445798957463,2.634800411066559,2.9490654717039515,3.4687413173545583,1.8479694975404395,2.068385527445912,2.432870483246458
80,259.27613330098353,0.012916444922369262,-62.833964394351405,56.0,73.0,96.0,227.42076289353244,236.01822196351554,268.9481239341173,2.702102318041813,2.8042531233891097,3.1955101190808746,1.8951730241127724,1.9668185163626317,2.2412343661176464
81,259.26361095160144,0.007200743499762422,-62.827285336168856,79.0,61.0,105.0,291.94445798957463,331.31900042773856,350.71239213909035,3.4687413173545583,3.9365703802788046,4.166993179108607,2.432870483246458,2.7609916702311574,2.922603267825756
82,259.26964256239967,0.009958137207802356,-62.81868196427763,75.0,84.0,102.0,231.87219385582077,299.39446675043877,329.15657807724284,2.754992044418439,3.5572586791206295,3.9108775351246647,1.9322682821318418,2.4949538895869923,2.7429714839770267
83,259.26075193292974,0.005896866450090145,-62.81848735736674,36.0,124.0,106.0,145.12070572854054,272.97198386748465,459.6189801472629,1.7242532755398867,3.243319655532556,5.460968013080446,1.2093392144045059,2.2747665322290413,3.8301581678938614
84,259.27164066466025,0.010871317058560565,-62.81751555867179,92.0,71.0,85.0,163.77159520166535,229.4703215174542,231.7541756430241,1.9458540257865362,2.726454171576199,2.7535898097134295,1.3647632933472127,1.9122526793121204,1.931284797025203
85,259.26996008765195,0.010103878333685472,-62.816663555603284,84.0,92.0,102.0,231.7541756430241,277.3086480518702,317.3117617183428,2.7535898097134295,3.2948457791639454,3.77014321811269,1.931284797025203,2.310905400432254,2.6442646809861925
86,259.2788942850857,0.014175619334122612,-62.836888238470024,67.0,39.0,56.0,244.31583705153258,406.3393644556206,508.3468054510669,2.9028413291372632,4.827925667988314,6.039928210167578,2.0359653087627736,3.3861613704635087,4.236223378758895
87,259.2721554962377,0.011101411265221317,-62.83101066956416,97.0,69.0,58.0,234.84538490690483,254.15547860465603,268.97240293693034,2.790318046885841,3.0197511394426773,3.1957985903222252,1.957044874224209,2.1179623217054693,2.2414366911410886
88,259.2779056772472,0.0137268379762302,-62.83144054691116,69.0,57.0,73.0,297.9962383938561,329.468998762808,333.0856526914837,3.5406456133855433,3.914589564967186,3.9575608787552974,2.48330198661547,2.7455749896900694,2.7757137724290337
89,259.25355787982613,0.0026098775218749396,-62.82600370317021,53.0,31.0,100.0,209.59436843023178,288.7993888479771,413.15058259359824,2.490297814403934,3.4313731434473635,4.908853231879804,1.7466197369186,2.406661573733145,3.4429215216133224
90,259.25530399924645,0.0034081967738883623,-62.81843625842805,169.0,113.0,106.0,281.182758014595,364.3602144121262,375.9566510407452,3.340876059677639,4.3291499308976125,4.466933121387945,2.3431896501216274,3.0363351201010547,3.1329720920062134
91,259.27581394181954,0.012778434415210468,-62.81600537943542,104.0,76.0,92.0,194.12382330587408,283.1544871196416,329.4036388995252,2.306484360829919,3.364303180919824,3.9138129910262838,1.6176985275489524,2.359620725997016,2.745030324162713
92,259.2728998417238,0.011446763824756985,-62.816945060889374,84.0,71.0,85.0,163.77159520166535,228.48542605537182,277.3086480518702,1.9458540257865362,2.7147521252139346,3.2948457791639454,1.3647632933472127,1.9040452171281006,2.310905400432254
93,259.26499996752455,0.007837961753614411,-62.8164349031411,103.0,117.0,102.0,252.8543030715875,284.0544591804559,295.6699474788641,3.0042912079071833,3.3749962089475143,3.513005762063867,2.1071191922632315,2.3671204931704684,2.463916228990537
94,259.26716532788924,0.008823176246186523,-62.8298172448498,74.0,78.0,99.0,249.04681587661153,315.17063122091866,336.72434549449497,2.95905250654782,3.7447033523470994,4.000794047673396,2.0753901323050985,2.6264219268409916,2.806036212454128
95,259.2718184307866,0.010944827592482505,-62.838193348593535,110.0,114.0,111.0,183.73172794407355,557.7480894460061,629.8617117669052,2.1830105644660454,6.626890114166905,7.483708918028347,1.5310977328672812,4.64790074538339,5.248847598057549
96,259.27324079909744,0.011595878239375265,-62.83380042481646,98.0,80.0,68.0,238.37645251165986,268.9481239341173,274.38599785520114,2.8322724658165246,3.1955101190808746,3.2601202784191345,1.9864704375971676,2.2412343661176464,2.2865499821266786
97,259.27180881714787,0.010942683529878993,-62.83216175044256,87.0,69.0,96.0,234.84538490690483,295.71496458197504,356.5331604343866,2.790318046885841,3.5135406332740406,4.236152702203108,1.957044874224209,2.4642913715164614,2.9711096702865585
98,259.27131856104876,0.010717948844073833,-62.83458803435476,96.0,114.0,68.0,238.37645251165986,252.42591102986748,299.2198819156939,2.8322724658165246,2.999201263109556,3.555184347469215,1.9864704375971676,2.1035492585822313,2.493499015964119
99,259.2677236961205,0.009077638458096693,-62.83146374986772,108.0,112.0,94.0,314.28185602324135,330.7307251460523,336.72434549449497,3.7341433599730247,3.92958078099127,4.000794047673396,2.6190154668603474,2.7560893762171053,2.806036212454128
100,259.25586671333275,0.003664090244061717,-62.827755094364285,143.0,123.0,89.0,304.5267077911187,387.66164322646233,413.15058259359824,3.618237457998717,4.606006115934597,4.908853231879804,2.5377225649259922,3.2305136935538563,3.4429215216133224
101,259.24448425391097,-0.0015340905885210996,-62.8241703029741,192.0,243.0,205.0,235.27821448182152,345.3176629467473,406.2965229914692,2.7954607162833884,4.102895644343664,4.827416646656581,1.9606517873485148,2.877647191222897,3.385804358262247
102,259.26710552508644,0.008799540821018774,-62.81753740364097,93.0,85.0,82.0,295.6699474788641,317.3117617183428,329.15657807724284,3.513005762063867,3.77014321811269,3.9108775351246647,2.463916228990537,2.6442646809861925,2.7429714839770267
103,259.2663822643763,0.008469764901168934,-62.815355078518486,120.0,93.0,117.0,236.3701157559075,252.8543030715875,372.0635879580225,2.808434153388433,3.0042912079071833,4.42067764916867,1.9697509646325646,2.1071191922632315,3.1005298996501907
104,259.27425738414377,0.012067586785576977,-62.8153594406136,91.0,118.0,92.0,194.12382330587408,300.0185822085838,344.15646229877353,2.306484360829919,3.5646741138624827,4.089098825958746,1.6176985275489524,2.5001548517382006,2.867970519156449
105,259.26324488624465,0.007033157812889823,-62.82901248730985,81.0,116.0,94.0,350.71239213909035,380.7731545111178,396.6594701420056,4.166993179108607,4.524160460820639,4.712913896281859,2.922603267825756,3.173109620925985,3.305495584516717
106,259.25734821045205,0.004342253788751972,-62.81682760763667,187.0,169.0,90.0,292.22858364769695,339.07842439108003,375.9566510407452,3.4721171595145237,4.028764062206737,4.466933121387945,2.4352381970641437,2.8256535365923368,3.1329720920062134
107,259.2649672696766,0.007818251193314628,-62.83438564930651,119.0,129.0,122.0,204.7254002120526,220.18671230091334,221.26684051246698,2.4324471144879674,2.6161508656482653,2.6289844209801845,1.7060450017671067,1.8348892691742797,1.8438903376038935
108,259.2655268246995,0.00807420004286032,-62.83265167649072,112.0,129.0,99.0,257.96377961629577,282.45700005046535,314.28185602324135,3.064999510173762,3.356015980567288,3.7341433599730247,2.1496981634691337,2.3538083337538804,2.6190154668603474
109,259.2489044512458,0.0004847720254387919,-62.82063712210686,131.0,193.0,2.0,53.06403897651399,110.36510270759504,118.16780531558821,0.6304809679590484,1.3113041925583844,1.4040120901830162,0.44220032480428373,0.9197091892299597,0.9847317109632362
110,259.2700836943845,0.010153066121370683,-62.83774666582165,95.0,114.0,111.0,183.73172794407355,434.34019797492044,446.3274834376372,2.1830105644660454,5.160617882177323,5.3030449474272965,1.5310977328672812,3.6195016497910077,3.7193956953136476
111,259.26574541014025,0.008172859587640212,-62.836769124352045,119.0,114.0,110.0,283.116607708918,436.49415905858376,446.3274834376372,3.3638531162809584,5.186210194695698,5.3030449474272965,2.359305064240986,3.6374513254882017,3.7193956953136476
112,259.26815382230734,0.009273525761403391,-62.833088379862374,115.0,108.0,99.0,252.99062752872982,257.96377961629577,330.7307251460523,3.0059109484575326,3.064999510173762,3.92958078099127,2.108255229406084,2.1496981634691337,2.7560893762171053
113,259.2514588717574,0.0016516747186362123,-62.81884206666374,170.0,212.0,176.0,131.24701851373104,176.29940712698422,220.11095092995018,1.5594129069387401,2.09470336220022,2.615250706078431,1.093725154281093,1.4691617260582035,1.8342579244162533
114,259.2697274035932,0.009991143366629294,-62.83560373664096,98.0,115.0,119.0,252.42591102986748,303.06684330005567,424.97672299405457,2.999201263109556,3.600892061847816,5.04936565028428,2.1035492585822313,2.5255570275004664,3.541472691617125
115,259.267968066114,0.009188322153091162,-62.83433722931697,112.0,107.0,114.0,252.99062752872982,277.0767171213572,303.06684330005567,3.0059109484575326,3.292090089239283,3.600892061847816,2.108255229406084,2.308972642677979,2.5255570275004664
116,259.26400141396135,0.007378159609784597,-62.83086462703901,133.0,94.0,99.0,194.70236075451552,360.70010530231025,364.1991040691656,2.313358259946069,4.285662303892554,4.32723569656986,1.6225196729542977,3.0058342108525884,3.034992533909717
117,259.2624136900115,0.006656611766998963,-62.81567351984345,93.0,124.0,135.0,284.0544591804559,325.20297065109935,340.894582512185,3.3749962089475143,3.8639027046171663,4.050342765076826,2.3671204931704684,2.710024755425831,2.840788187601545
118,259.27231598099723,0.011181090739606398,-62.81416877582836,127.0,104.0,132.0,208.13904139416013,300.0185822085838,432.6704635219719,2.4730063300748664,3.5646741138624827,5.140778913745321,1.734492011618003,2.5001548517382006,3.6055871960164363
119,259.2651442478728,0.007898781809242476,-62.835395387939776,107.0,111.0,122.0,204.7254002120526,283.116607708918,332.7037681837909,2.4324471144879674,3.3638531162809584,3.9530235137393155,1.7060450017671067,2.359305064240986,2.7725314015315936
120,259.2654486991144,0.00804355437788399,-62.81426598932901,103.0,138.0,132.0,236.3701157559075,282.09849567220306,383.20254384136723,2.808434153388433,3.3517564068185877,4.553025277107294,1.9697509646325646,2.3508207972683612,3.193354532011397
121,259.27845158031823,0.01398594999946442,-62.810719430695976,128.0,118.0,127.0,228.24131096035518,898.5385635124975,912.1312278254661,2.7118516690035124,10.675995913590913,10.837497305465284,1.9020109246696286,7.487821362604154,7.601093565212226
122,259.2625930924706,0.006734322421119429,-62.8342318270382,129.0,107.0,134.0,141.76426796368574,221.26684051246698,244.4066156454175,1.6843737229898712,2.6289844209801845,2.9039199160078906,1.1813688996973823,1.8438903376038935,2.036721797045148
123,259.2517261785247,0.0017732251219912455,-62.8280770620912,140.0,143.0,100.0,188.09367487019293,336.41909923267036,387.66164322646233,2.2348370852739117,3.997167260826163,4.606006115934597,1.5674472905849428,2.803492493605589,3.2305136935538563
124,259.26204958370727,0.006489915139493051,-62.817273908138404,83.0,93.0,117.0,272.97198386748465,320.912066504767,325.20297065109935,3.243319655532556,3.8129202793857115,3.8639027046171663,2.2747665322290413,2.674267220873061,2.710024755425831
125,259.2590650094945,0.005123722796774478,-62.833056986611545,139.0,122.0,129.0,304.50294236235527,402.91665434526533,405.94331255682005,3.6179550887931353,4.7872586998298,4.823219972957668,2.5375245196862966,3.357638786210548,3.382860937973504
126,259.2462689375266,-0.0007190342894928716,-62.822157652061,173.0,63.0,339.0,78.73650410683744,173.33257908495102,308.03491472249186,0.9355086472961817,2.0594529618954667,3.6599202575849255,0.6561375342236461,1.44443815904126,2.566957622687435
127,259.2706399185953,0.010415578565265253,-62.813479899110895,118.0,132.0,147.0,208.13904139416013,227.96420257371807,419.11543055978103,2.4730063300748664,2.7085592026325704,4.979724639182817,1.734492011618003,1.8997016881143192,3.492628587998179
128,259.2788229260963,0.014156166520499653,-62.80960303517554,121.0,149.0,141.0,228.24131096035518,1013.5553657111244,1016.5455526077998,2.7118516690035124,12.0425693252726,12.078097264068,1.9020109246696286,8.446294714259379,8.47121293839834
129,259.2632955123729,0.007055173449108124,-62.833608087689235,122.0,107.0,108.0,141.76426796368574,220.18671230091334,282.45700005046535,1.6843737229898712,2.6161508656482653,3.356015980567288,1.1813688996973823,1.8348892691742797,2.3538083337538804
130,259.2589844019226,0.005087510545598396,-62.829635345399076,146.0,151.0,105.0,287.1774727174886,392.8438564066828,412.89145809973917,3.412102328944318,4.667578639343183,4.9057744413304745,2.3931456059790746,3.273698803389027,3.4407621508311634
131,259.2483346828544,0.00022451488423690948,-62.820602488726536,109.0,193.0,2.0,53.06403897651399,59.67528349074056,162.50500996215297,0.6304809679590484,0.7090325430208031,1.9308050792077835,0.44220032480428373,0.4972940290895052,1.3542084163512762
132,259.2684514005994,0.009415836592565077,-62.81295765992333,147.0,127.0,138.0,194.11948567566387,227.96420257371807,298.67995086928573,2.306432823228441,2.7085592026325704,3.54876915074962,1.617662380630534,1.8997016881143192,2.4889995905773836
133,259.262442853657,0.006666344608803714,-62.831513755469416,116.0,108.0,146.0,194.70236075451552,365.86336244381084,412.38020087709833,2.313358259946069,4.347009600916732,4.899699932966169,1.6225196729542977,3.048861353698427,3.436501673975823
134,259.26064416889193,0.005844346547931778,-62.83505054686869,122.0,129.0,107.0,244.4066156454175,380.63058133398107,420.9690187613342,2.9039199160078906,4.5224664760343325,5.0017480679691175,2.036721797045148,3.1719215111165124,3.5080751563444554
135,259.2594794636752,0.005316281930072876,-62.81464959370265,136.0,117.0,159.0,201.81787416277157,340.894582512185,367.0267020667969,2.3979013114681824,4.050342765076826,4.360831833556995,1.6818156180230983,2.840788187601545,3.058555850556644
136,259.2585105594459,0.0048737664172436215,-62.81375444009989,135.0,144.0,159.0,201.81787416277157,213.56265163300458,258.9187999691533,2.3979013114681824,2.5374470153143127,3.0763465950942432,1.6818156180230983,1.7796887636083734,2.1576566664096135
137,259.2598611828727,0.005486473745103034,-62.83718111602388,142.0,134.0,111.0,371.65652460491657,436.6398165576738,549.2910372816297,4.415841121421499,5.1879408258875195,6.526407555026689,3.0971377050409745,3.6386651379806185,4.577425310680252
138,259.2652220719453,0.007940389322736512,-62.81287403397227,147.0,120.0,132.0,188.38657445980752,282.09849567220306,298.67995086928573,2.238317174998268,3.3517564068185877,3.54876915074962,1.5698881204983977,2.3508207972683612,2.4889995905773836
139,259.2559182481531,0.003686902878310431,-62.833510276355476,145.0,125.0,150.0,277.74695823091463,304.50294236235527,401.9698017788338,3.3000535664202557,3.6179550887931353,4.776008660554379,2.3145579852576246,2.5375245196862966,3.349748348156952
140,259.25051615235407,0.0012206210410482066,-62.82882589162698,123.0,168.0,143.0,188.09367487019293,263.95871881982936,376.661611728195,2.2348370852739117,3.136228446847286,4.4753091196189345,1.5674472905849428,2.199655990165247,3.1388467644016282
141,259.2679131851656,0.009170765440002731,-62.8102690102818,149.0,158.0,147.0,158.75761605218176,384.4918601134018,426.5301081117083,1.8862803768810685,4.56834430270121,5.06782221279783,1.3229801337681828,3.204098834278352,3.554417567597573
142,259.25585651282177,0.003658283782211309,-62.83698302706736,137.0,154.0,134.0,371.65652460491657,403.3765461216857,589.7068489218203,4.415841121421499,4.7927229090748265,7.006608469529937,3.0971377050409745,3.3614712176807178,4.914223741015174
143,259.25454091651176,0.003058499071120888,-62.829134781551595,151.0,100.0,123.0,237.20339982897787,304.5267077911187,336.41909923267036,2.818334827349697,3.618237457998717,3.997167260826163,1.9766949985748177,2.5377225649259922,2.803492493605589
144,259.2569213180797,0.004147775039185457,-62.812986658866315,136.0,159.0,164.0,213.56265163300458,232.36767916497627,346.23152233028776,2.5374470153143127,2.7608791586176444,4.113753674750434,1.7796887636083734,1.9363973263748042,2.8852626860857344
145,259.2531618954315,0.0024284594013514816,-62.83295813274451,139.0,155.0,150.0,277.74695823091463,294.34996578807204,323.7035511906214,3.3000535664202557,3.4973223849566857,3.846087335658215,2.3145579852576246,2.4529163815672694,2.6975295932551813
146,259.25811808203514,0.004691698390188392,-62.83100000587048,130.0,151.0,133.0,287.1774727174886,323.2552524804968,412.38020087709833,3.412102328944318,3.840760869559031,4.899699932966169,2.3931456059790746,2.6937937706708093,3.436501673975823
147,259.2668698652201,0.0086934251513319,-62.81232471300898,138.0,132.0,120.0,188.38657445980752,194.11948567566387,413.7507900256497,2.238317174998268,2.306432823228441,4.915984603144315,1.5698881204983977,1.617662380630534,3.447923250213751
148,259.26244301314614,0.006671038584611309,-62.81112755163668,157.0,160.0,138.0,323.00276180304843,430.18665838311534,436.36159966651724,3.8377608987730016,5.111267555424839,5.184635188807828,2.6916896816920732,3.5848888198592985,3.6363466638876476
149,259.267851203856,0.009142687627941948,-62.80948400782123,141.0,158.0,147.0,158.75761605218176,279.77259131351235,581.2681914486665,1.8862803768810685,3.3241211483698945,6.906344467117612,1.3229801337681828,2.3314382609459385,4.843901595405559
150,259.25212528631766,0.00195505621168989,-62.83448819821264,145.0,139.0,155.0,323.7035511906214,401.9698017788338,454.0575539415767,3.846087335658215,4.776008660554379,5.394889865901606,2.6975295932551813,3.349748348156952,3.7838129495131434
151,259.25497773470926,0.0032578420516466877,-62.83029136866456,161.0,143.0,146.0,206.31317030437677,237.20339982897787,323.2552524804968,2.4513122224596398,2.818334827349697,3.840760869559031,1.7192764192031416,1.9766949985748177,2.6937937706708093
152,259.245705918447,-0.0009760213226270729,-62.82740550145469,163.0,189.0,179.0,255.90331579150492,384.0837292780384,410.7827375186953,3.0405180863742336,4.56349509165175,4.880719654346013,2.1325276315958765,3.200697743983657,3.423189479322464
153,259.2545199996888,0.003050790872647827,-62.81135271943204,165.0,166.0,167.0,220.2173015472257,352.91378484641245,356.3666357355602,2.6165143121177787,4.193149050989839,4.234174137146052,1.8351441795602161,2.9409482070534403,2.969721964463005
154,259.2515696596625,0.0017012109139310126,-62.837374466317435,142.0,150.0,137.0,403.3765461216857,585.5928738546291,766.0335562189454,4.7927229090748265,6.957728229115706,9.10163619900464,3.3614712176807178,4.879940615455248,6.383612968491218
155,259.25019670276765,0.0010746128671281778,-62.83242131333445,145.0,175.0,161.0,294.34996578807204,393.50999803666633,412.3848696090221,3.4973223849566857,4.675493408512105,4.8997554045563305,2.4529163815672694,3.2792499836388895,3.436540580075188
156,259.25129618162765,0.0015774183637424699,-62.817697206037074,212.0,113.0,232.0,189.05014380306304,231.8729802208193,232.89332232003804,2.2462013815138873,2.755001387622895,2.767124593597652,1.575417865025527,1.9322748351734962,1.940777686000319
157,259.25903752905407,0.005115050527356892,-62.81076283640755,167.0,148.0,160.0,276.51885389361536,323.00276180304843,391.84352138804405,3.2854618311081762,3.8377608987730016,4.655693147718359,2.3043237824467973,2.6916896816920732,3.265362678233704
158,259.2651737773299,0.007919410025977382,-62.808836102330154,149.0,160.0,141.0,279.77259131351235,374.7245722494379,384.4918601134018,3.3241211483698945,4.452294163556465,4.56834430270121,2.3314382609459385,3.1227047687453195,3.204098834278352
159,259.2557616758165,0.003617813326616792,-62.8140069444743,144.0,136.0,164.0,232.36767916497627,258.9187999691533,271.30604632760117,2.7608791586176444,3.0763465950942432,3.2235258001652713,1.9363973263748042,2.1576566664096135,2.260883719396679
160,259.26115241290097,0.006081753431947456,-62.809082264334165,158.0,171.0,157.0,374.7245722494379,383.9825402206448,391.84352138804405,4.452294163556465,4.562292812743418,4.655693147718359,3.1227047687453195,3.1998545018387103,3.265362678233704
161,259.25320159507595,0.002446756026734409,-62.83091118626856,151.0,168.0,143.0,206.31317030437677,239.19217118580855,379.7201427220744,2.4513122224596398,2.8419644362955747,4.511649089563689,1.7192764192031416,1.9932680932150733,3.1643345226839568
162,259.2483871320445,0.00024838854945802107,-62.830544986704176,175.0,168.0,140.0,284.4433195896539,291.8271271852246,399.16035105387624,3.3796164582146426,3.4673472501006355,4.7426281405889,2.3703609965804517,2.431892726543541,3.3263362587823058
163,259.2461706675835,-0.0007637507789045999,-62.8286537452993,152.0,189.0,140.0,255.90331579150492,300.5231034967762,402.5659616599242,3.0405180863742336,3.570668589146889,4.78309194079723,2.1325276315958765,2.5043591958064706,3.3547163471660384
164,259.2532420585173,0.0024667072498944604,-62.813316348432046,197.0,190.0,159.0,211.33166085126436,235.6812629297763,271.30604632760117,2.510939473583427,2.800249540890452,3.2235258001652713,1.7610971737605383,1.9640105244148045,2.260883719396679
165,259.25227199613056,0.002023604303533041,-62.81171618506003,166.0,153.0,190.0,200.74195932239715,220.2173015472257,256.1561695974598,2.3851178173526852,2.6165143121177787,3.043522371675643,1.6728496610199781,1.8351441795602161,2.1346347466455002
166,259.2507799981748,0.0013419194352148982,-62.8109938122316,174.0,165.0,181.0,98.11815835512368,200.74195932239715,284.98497637225745,1.165791987328318,2.3851178173526852,3.386052159287993,0.8176513196260315,1.6728496610199781,2.374874803102148
167,259.2567110492502,0.00405212874017673,-62.80990139822649,157.0,177.0,153.0,276.51885389361536,315.1396940816702,356.3666357355602,3.2854618311081762,3.744335772383805,4.234174137146052,2.3043237824467973,2.6261641173472543,2.969721964463005
168,259.25137453646147,0.0016125341728015683,-62.830071722425984,161.0,140.0,162.0,239.19217118580855,263.95871881982936,291.8271271852246,2.8419644362955747,3.136228446847286,3.4673472501006355,1.9932680932150733,2.199655990165247,2.431892726543541
169,259.25378346757975,0.002713711279607599,-62.817230752337565,232.0,187.0,156.0,171.00407325680686,212.10576873176382,248.25226475551648,2.0317867940585934,2.5201370449559723,2.9496120385852764,1.4250339438067254,1.7675480727647004,2.0687688729626394
170,259.25013340358856,0.0010461853396211143,-62.819076770638524,176.0,113.0,212.0,88.94107130965396,131.24701851373104,146.1597981780349,1.0567543257580585,1.5594129069387401,1.7365992640095185,0.7411755942471172,1.093725154281093,1.217998318150292
171,259.2582479883828,0.0047547761294842944,-62.80772260813324,160.0,167.0,177.0,383.9825402206448,462.68600036384754,472.9703687966394,4.562292812743418,5.49740884781898,5.619602685480375,3.1998545018387103,3.8557166696987335,3.941419739971999
172,259.25838196782087,0.004816417917298649,-62.805179139733426,184.0,171.0,195.0,500.2087606728869,514.2091195677099,699.7910889200368,5.943235940826529,6.10958136039945,8.314575588690065,4.168406338940729,4.285075996397587,5.83159240766698
173,259.2455063343081,-0.0010673626395431561,-62.82198319453186,126.0,63.0,339.0,78.73650410683744,250.65098148384223,283.7407727918184,0.9355086472961817,2.978112418011798,3.371269140639893,0.6561375342236461,2.0887581790320207,2.3645064399318225
174,259.24975089885135,0.0008716994777500954,-62.81087308332061,166.0,181.0,165.0,98.11815835512368,188.8498672677052,288.50716852085964,1.165791987328318,2.2438217936365343,3.4279011243879043,0.8176513196260315,1.573748893897545,2.4042264043404997
175,259.24633537285564,-0.0006884687442506109,-62.83159522602887,162.0,155.0,186.0,284.4433195896539,393.50999803666633,441.25900356363684,3.3796164582146426,4.675493408512105,5.24282374755868,2.3703609965804517,3.2792499836388895,3.677158363030311
176,259.2492177039915,0.0006278892272241095,-62.819213464503704,170.0,212.0,113.0,88.94107130965396,181.59899425388002,220.11095092995018,1.0567543257580585,2.1576704654587453,2.615250706078431,0.7411755942471172,1.5133249521156684,1.8342579244162533
177,259.25394274733185,0.0027872555247869637,-62.8089896020061,182.0,183.0,167.0,186.94212726372731,298.7546883609192,315.1396940816702,2.221154959608794,3.5496571450858365,3.744335772383805,1.5578510605310627,2.4896224030076626,2.6261641173472543
178,259.23963860402927,-0.0037458691290719283,-62.83468628462375,185.0,186.0,191.0,312.6257361959282,495.1276560572119,669.9193461478228,3.7144661538665935,5.882864739949606,7.959654145450795,2.6052144682994043,4.1260638004767705,5.582661217898529
179,259.2413568150546,-0.002962180487623105,-62.82697405465649,198.0,203.0,189.0,226.2452349675818,306.9055719755164,401.2550026912623,2.688135269944621,3.646501959204251,4.767515767263165,1.8853769580631838,2.557546433129306,3.343791689093856
180,259.2451635403449,-0.0012244112292823818,-62.810561535484595,181.0,202.0,201.0,242.93120076035822,296.3453549759009,406.30113798576184,2.8863897576781583,3.5210306237350073,4.827471479762482,2.024426673002987,2.469544624799177,3.3858428165480188
181,259.24770596353846,-6.269104894724957e-05,-62.810870020518955,174.0,180.0,166.0,188.8498672677052,242.93120076035822,284.98497637225745,2.2438217936365343,2.8863897576781583,3.386052159287993,1.573748893897545,2.024426673002987,2.374874803102148
182,259.25277601535925,0.0022540497006136107,-62.809745403480854,177.0,183.0,166.0,186.94212726372731,287.3959037847915,312.4862022120903,2.221154959608794,3.4146976200944397,3.712808279289194,1.5578510605310627,2.3949658648732655,2.6040516851007554
183,259.2507950823488,0.001348919276244918,-62.80864869164434,182.0,177.0,194.0,287.3959037847915,298.7546883609192,306.6151643209676,3.4146976200944397,3.5496571450858365,3.6430514774340317,2.3949658648732655,2.4896224030076626,2.5551263693413993
184,259.2532075799379,0.0024515711679737365,-62.80590910374268,195.0,172.0,200.0,284.30736691834267,500.2087606728869,519.5508355151767,3.378001135041771,5.943235940826529,6.1730490177071,2.369228057652858,4.168406338940729,4.32959029595981
185,259.23898605061686,-0.004044007272540078,-62.83316847204902,186.0,178.0,191.0,308.0302815867363,312.6257361959282,357.62204663896404,3.659865208931031,3.7144661538665935,4.249090315726328,2.566919013222805,2.6052144682994043,2.98018372199137
186,259.24196191412267,-0.0026853417421887115,-62.83247793249299,185.0,188.0,191.0,308.0302815867363,400.0758722240229,419.6337219040475,3.659865208931031,4.753505915531673,4.985882723541276,2.566919013222805,3.333965601866861,3.4969476825337327
187,259.25446716449915,0.003026147870950851,-62.81622887757177,232.0,169.0,106.0,209.28831267908095,212.10576873176382,292.22858364769695,2.4866614096002886,2.5201370449559723,3.4721171595145237,1.7440692723256763,1.7675480727647004,2.4352381970641437
188,259.2395955289939,-0.0037660306571745436,-62.830819454723944,191.0,186.0,185.0,195.46742631744095,400.0758722240229,478.0704746652396,2.3224483949220147,4.753505915531673,5.680199649954788,1.6288952193120096,3.333965601866861,3.9839206222103343
189,259.24293583266325,-0.0022409351249545544,-62.82882375018999,198.0,163.0,152.0,225.92641317086236,300.5231034967762,384.0837292780384,2.684347185228886,3.570668589146889,4.56349509165175,1.8827201097571884,2.5043591958064706,3.200697743983657
190,259.2509276089503,0.0014092791458955004,-62.812824763329395,197.0,164.0,165.0,181.97539391118138,235.6812629297763,256.1561695974598,2.162142662163935,2.800249540890452,3.043522371675643,1.5164616159265132,1.9640105244148045,2.1346347466455002
191,259.2380026465335,-0.004493274341480214,-62.83145700678763,188.0,185.0,186.0,195.46742631744095,357.62204663896404,419.6337219040475,2.3224483949220147,4.249090315726328,4.985882723541276,1.6288952193120096,2.98018372199137,3.4969476825337327
192,259.24196635219687,-0.0026840899110544473,-62.823989569174486,243.0,205.0,101.0,115.34305322093606,220.19550060371415,235.27821448182152,1.370449766823709,2.616255283965518,2.7954607162833884,0.9611921101744682,1.8349625050309533,1.9606517873485148
193,259.24778165723706,-2.8095241464690952e-05,-62.820449622188875,131.0,109.0,339.0,59.67528349074056,110.36510270759504,136.73791066990924,0.7090325430208031,1.3113041925583844,1.6246530030256252,0.4972940290895052,0.9197091892299597,1.1394825889159115
194,259.2474904095492,-0.00016119691649822937,-62.80850352768675,183.0,202.0,207.0,306.6151643209676,319.59114209665535,321.1539115306632,3.6430514774340317,3.797225701372237,3.815793763744688,2.5551263693413993,2.6632595174721305,2.6762825960888628
195,259.252320515932,0.002046083795242196,-62.80725609716292,184.0,183.0,177.0,284.30736691834267,314.75586306036934,381.03732610664855,3.378001135041771,3.739775279844788,4.5272992185644885,2.369228057652858,2.6229655255030804,3.1753110508887414
196,259.23437233831453,-0.006151302284976965,-62.82957065225619,210.0,216.0,235.0,340.9302322492896,391.14151275794893,496.99889045921645,4.050766337823844,4.647352224389588,5.905097832262392,2.841085268744083,3.2595126063162447,4.141657420493475
197,259.25113123015973,0.0015022677225102615,-62.813720330549565,190.0,164.0,217.0,181.97539391118138,211.33166085126436,227.67002276073202,2.162142662163935,2.510939473583427,2.705063901920019,1.5164616159265132,1.7610971737605383,1.897250189672769
198,259.2410948433151,-0.0030817008949805907,-62.82808707695407,189.0,179.0,203.0,225.92641317086236,226.2452349675818,387.7314892802623,2.684347185228886,2.688135269944621,4.6068359925979125,1.8827201097571884,1.8853769580631838,3.231095744002189
199,259.24705422028103,-0.00036047248203240306,-62.812427766261706,181.0,190.0,174.0,320.5354895771728,366.5719971452555,400.93513635121127,3.808445976441571,4.355429251985773,4.763715271794244,2.671129079809776,3.0547666428771327,3.3411261362600975
200,259.24760584904016,-0.00010845370158888197,-62.80614253236577,208.0,207.0,194.0,390.7466884112069,467.16016130682283,477.29775378863445,4.642661114532348,5.550568640713376,5.671018558284405,3.2562224034267278,3.893001344223528,3.977481281571958
201,259.2410624641553,-0.003098408851303767,-62.80983389400942,204.0,202.0,180.0,173.04249021985805,332.115355874817,406.30113798576184,2.056006267825705,3.9460322863605426,4.827471479762482,1.442020751832152,2.767627965623478,3.3858428165480188
202,259.24432827557854,-0.0016061493258950445,-62.80914583550774,207.0,180.0,194.0,254.56261344984514,296.3453549759009,319.59114209665535,3.024588516623828,3.5210306237350073,3.797225701372237,2.1213551120820453,2.469544624799177,2.6632595174721305
203,259.2380655533643,-0.004465263865730853,-62.8267581249325,211.0,179.0,216.0,300.7457938078487,306.9055719755164,308.9828111441306,3.573314486549125,3.646501959204251,3.671182699437575,2.506214948398742,2.557546433129306,2.5748567595344243
204,259.2393789529973,-0.0038676319032569383,-62.8102098541247,201.0,223.0,228.0,173.04249021985805,338.4510616099168,343.0742653133523,2.056006267825705,4.0213100443604075,4.076240690467162,1.442020751832152,2.820425513415976,2.8589522109446057
205,259.2402747311681,-0.0034566060776568402,-62.82475781603009,192.0,243.0,101.0,220.19550060371415,220.5998922949531,406.2965229914692,2.616255283965518,2.621060068332569,4.827416646656581,1.8349625050309533,1.8383324357912778,3.385804358262247
206,259.2394263220352,-0.0038467195292047106,-62.80460464245136,213.0,209.0,219.0,296.34434501462624,304.49788910428384,334.63252163214054,3.521018623868915,3.6178950484512833,3.975940019239548,2.4695362084552213,2.5374824092023682,2.7886043469345076
207,259.24428608343663,-0.0016254988212546697,-62.80788645362044,208.0,202.0,194.0,235.71316628942597,254.56261344984514,321.1539115306632,2.800628601012166,3.024588516623828,3.815793763744688,1.9642763857452186,2.1213551120820453,2.6762825960888628
208,259.24359922558784,-0.00193945003166597,-62.80676323818417,207.0,200.0,214.0,235.71316628942597,390.7466884112069,412.10767281341873,2.800628601012166,4.642661114532348,4.896461887753275,1.9642763857452186,3.2562224034267278,3.434230606778493
209,259.2406684751028,-0.003279178168025636,-62.80320902626673,215.0,206.0,213.0,213.56077576755663,304.49788910428384,397.14430798534084,2.537424727198176,3.6178950484512833,4.718674502497764,1.7796731313963072,2.5374824092023682,3.3095358998778437
210,259.23141487485395,-0.007502052698882938,-62.82856021809794,239.0,235.0,196.0,272.0010918908419,306.26585862380284,340.9302322492896,3.231783991737941,3.638901197916871,4.050766337823844,2.2666757657570185,2.552215488531693,2.841085268744083
211,259.23510754457516,-0.005816258071415391,-62.826134371912275,236.0,235.0,203.0,219.4848047239061,297.13678655835196,300.7457938078487,2.60781114298288,3.5304340268645347,3.573314486549125,1.829040039365886,2.476139887986269,2.506214948398742
212,259.2498610621732,0.0009218016185295208,-62.81836437509258,170.0,113.0,176.0,146.1597981780349,176.29940712698422,181.59899425388002,1.7365992640095185,2.09470336220022,2.1576704654587453,1.217998318150292,1.4691617260582035,1.5133249521156684
213,259.23663130732746,-0.0051242404202275,-62.8038850202465,215.0,206.0,219.0,265.2913686490228,296.34434501462624,357.3436364424842,3.1520623405814625,3.521018623868915,4.245782381887293,2.2107614054085256,2.4695362084552213,2.977863637020705
214,259.23985813063183,-0.0036489662295923005,-62.80787464267219,218.0,207.0,201.0,242.09861047763653,408.96819616345863,411.31959265032555,2.8764973269946212,4.859160161097531,4.887098304550039,2.0174884206469734,3.408068301362159,3.42766327208605
215,259.23847319925676,-0.004282573031694341,-62.80287777011744,209.0,213.0,206.0,213.56077576755663,265.2913686490228,359.96176269725635,2.537424727198176,3.1520623405814625,4.276889678037108,1.7796731313963072,2.2107614054085256,2.999681355810473
216,259.23542044483725,-0.005673057867710873,-62.827695375469574,235.0,203.0,211.0,252.7440698962112,308.9828111441306,316.81779809743733,3.0029814712106755,3.671182699437575,3.764274183869314,2.106200582468429,2.5748567595344243,2.6401483174786473
217,259.2496308391138,0.000816736856461452,-62.81461418950176,233.0,197.0,190.0,222.58841527943204,227.67002276073202,380.97181003184755,2.644686726239593,2.705063901920019,4.526520788594699,1.8549034606619357,1.897250189672769,3.174765083598733
218,259.23768601608396,-0.004641675464113788,-62.807204270385334,214.0,225.0,219.0,242.09861047763653,306.2649306014033,328.56504011565397,2.8764973269946212,3.6388901716084323,3.9038491702696607,2.0174884206469734,2.552207755011697,2.738042000963786
219,259.23662203974544,-0.005128168063913923,-62.805653088624844,218.0,206.0,213.0,328.56504011565397,334.63252163214054,357.3436364424842,3.9038491702696607,3.975940019239548,4.245782381887293,2.738042000963786,2.7886043469345076,2.977863637020705
220,259.2347075312503,-0.00600233682255602,-62.809483461256946,224.0,225.0,247.0,182.21539588902672,251.46485814487224,307.3239140783937,2.164994248327042,2.9877825025915374,3.651472495541993,1.5184616324085576,2.0955404845406043,2.5610326173199502
221,259.2321827721872,-0.007157426136988091,-62.80372947997876,230.0,240.0,213.0,226.03613554927745,346.3768347573252,412.1260773328542,2.68565085288563,4.115480205964833,4.896680561255185,1.8836344629106474,2.886473622977713,3.4343839777737886
222,259.23391861983936,-0.006365101978938868,-62.79897501650869,231.0,229.0,215.0,196.37823423392356,689.3284773465317,894.05394115906,2.333270169289075,8.190263953174293,10.622711823332018,1.636485285282698,5.74440397788777,7.450449509658841
223,259.2402780882574,-0.003456590892230995,-62.81183321971819,228.0,238.0,204.0,262.7253860202108,290.0995054907109,338.4510616099168,3.121574589502139,3.446820493765594,4.0213100443604075,2.1893782168350926,2.4174958790892602,2.820425513415976
224,259.2333324364819,-0.006630541670573893,-62.81013013426858,220.0,251.0,245.0,182.21539588902672,265.974579280443,360.4804151633855,2.164994248327042,3.1601799152803722,4.283052053068985,1.5184616324085576,2.216454827337027,3.004003459694882
225,259.23533380448845,-0.005716395982242994,-62.80827256081042,247.0,220.0,218.0,132.48783458418484,251.46485814487224,306.2649306014033,1.574155676849359,2.9877825025915374,3.6388901716084323,1.1040652882015416,2.0955404845406043,2.552207755011697
226,259.2208385359736,-0.012331651661652145,-62.82887985059557,242.0,227.0,239.0,340.03548003330934,458.5938985869946,728.581903814489,4.040135329440475,5.448788495146635,8.656653975354487,2.833629000277581,3.8216158215582925,6.071515865120748
227,259.22552173014316,-0.010193336182741517,-62.828120802450194,239.0,242.0,226.0,283.02930231123065,451.47308758106755,458.5938985869946,3.3628157962294947,5.364182500159005,5.448788495146635,2.358577519260258,3.7622757298422336,3.8216158215582925
228,259.23745770220324,-0.004745292880672519,-62.81166282249084,223.0,204.0,238.0,262.7253860202108,343.0742653133523,353.56487213796936,3.121574589502139,4.076240690467162,4.200884951869686,2.1893782168350926,2.8589522109446057,2.946373934483081
229,259.230128278943,-0.008096911243145802,-62.80191330485324,221.0,249.0,241.0,413.2686544265135,495.0905114266996,526.8284091590481,4.910256103672848,5.882423405609975,6.259517589717084,3.4439054535542826,4.125754261889168,4.390236742992072
230,259.2317538589814,-0.00735318161780765,-62.804830601383614,240.0,221.0,234.0,175.19771042161642,226.03613554927745,336.0516073203912,2.0816135405696987,2.68565085288563,3.992800901592305,1.4599809201801384,1.8836344629106474,2.8004300610032633
231,259.23354433125553,-0.006536406759243787,-62.79801859200226,222.0,229.0,215.0,196.37823423392356,847.9908003171284,1082.584066761082,2.333270169289075,10.075412104249029,12.862734602819518,1.636485285282698,7.066590002642744,9.021533889675695
232,259.2524096342836,0.002086142658334633,-62.81666326753738,169.0,187.0,156.0,171.00407325680686,209.28831267908095,232.89332232003804,2.0317867940585934,2.4866614096002886,2.767124593597652,1.4250339438067254,1.7440692723256763,1.940777686000319
233,259.2481395710652,0.00013541567155081529,-62.81547947820607,217.0,197.0,232.0,222.58841527943204,450.2492834463059,461.17622286255283,2.644686726239593,5.349641857751097,5.4794704096831195,1.8549034606619357,3.752077362052553,3.8431351905212776
234,259.23115784999317,-0.0076251465132502185,-62.806470932070205,248.0,255.0,240.0,198.63374055505696,267.1596348340311,296.7336782443482,2.3600689926733134,3.1742601659910687,3.5256444909583458,1.6552811712921431,2.226330290283595,2.4727806520362376
235,259.23290138698525,-0.006823544564496532,-62.827205260810054,216.0,211.0,236.0,252.7440698962112,297.13678655835196,302.3511639034922,3.0029814712106755,3.5304340268645347,3.5923887091555455,2.106200582468429,2.476139887986269,2.5195930325291043
236,259.2329195796395,-0.006815583063539933,-62.82570930222548,211.0,237.0,235.0,219.4848047239061,267.3026264942262,302.3511639034922,2.60781114298288,3.175959122988477,3.5923887091555455,1.829040039365886,2.2275218874518874,2.5195930325291043
237,259.230855478669,-0.007758500094579683,-62.82478189299578,270.0,236.0,287.0,234.12459229636718,267.3026264942262,402.9539648816749,2.781753941484994,3.175959122988477,4.787702005382191,1.9510382691363952,2.2275218874518874,3.357949707347294
238,259.2392973800838,-0.0039045094855516905,-62.81319690201203,223.0,253.0,228.0,290.0995054907109,316.5436187960979,353.56487213796936,3.446820493765594,3.761016519457841,4.200884951869686,2.4174958790892602,2.6378634899674855,2.946373934483081
239,259.22858505198127,-0.008794416400174391,-62.82818470680697,210.0,227.0,235.0,272.0010918908419,283.02930231123065,444.80771606019766,3.231783991737941,3.3628157962294947,5.284987814467162,2.2666757657570185,2.358577519260258,3.7067309671683177
240,259.22995760007325,-0.00817403578622286,-62.805109209234026,230.0,255.0,234.0,175.19771042161642,241.30601472925966,296.7336782443482,2.0816135405696987,2.867080091814728,3.5256444909583458,1.4599809201801384,2.010883456077166,2.4727806520362376
241,259.2267666368598,-0.00963272192212035,-62.804019468829615,252.0,249.0,240.0,238.36430060124698,260.40311762861677,367.99956144828246,2.832128082758102,3.0939825318368537,4.372390873094083,1.9863691716770604,2.1700259802384756,3.0666630120690237
242,259.22106532452744,-0.01222878698826795,-62.827200563068935,226.0,227.0,239.0,340.03548003330934,451.47308758106755,722.0542002503037,4.040135329440475,5.364182500159005,8.579094993017714,2.833629000277581,3.7622757298422336,6.0171183354192035
243,259.2408862932913,-0.0031774113382226363,-62.82370263899175,192.0,205.0,297.0,115.34305322093606,220.5998922949531,293.9173121537023,1.370449766823709,2.621060068332569,3.4921818059986998,0.9611921101744682,1.8383324357912778,2.4493109346141884
244,259.2335901996828,-0.006512221160117103,-62.81256159730267,245.0,228.0,224.0,334.21377195758663,400.6571526451251,492.0023711583398,3.970964640334408,4.760412405305555,5.845731632741903,2.785114766313225,3.338809605376046,4.100019759652836
245,259.23082250538096,-0.007777070239388545,-62.81149639782361,250.0,251.0,244.0,288.2717518847097,301.65608809549093,334.21377195758663,3.4251040190130353,3.584130158229418,3.970964640334408,2.4022645990392504,2.5138007341290938,2.785114766313225
246,259.2317931353081,-0.0073343438303980265,-62.808392944490116,247.0,254.0,225.0,222.16469201278676,298.9589139994179,327.9059389415903,2.639652253544827,3.5520836542759815,3.896018052355879,1.8513724334398916,2.491324283328485,2.732549491179922
247,259.23403506596685,-0.006309939527340655,-62.80799431504556,225.0,246.0,220.0,132.48783458418484,222.16469201278676,307.3239140783937,1.574155676849359,2.639652253544827,3.651472495541993,1.1040652882015416,1.8513724334398916,2.5610326173199502
248,259.2294614964677,-0.008400203343507134,-62.80707524276833,234.0,255.0,254.0,198.63374055505696,225.7149256959314,340.06368203573345,2.3600689926733134,2.681834394448585,4.040470411845239,1.6552811712921431,1.8809577141327638,2.8338640169644482
249,259.22525395875874,-0.010324450736074603,-62.80293247355299,241.0,252.0,261.0,260.40311762861677,406.8930866322528,494.5054494298267,3.0939825318368537,4.834504724174707,5.875471985001608,2.1700259802384756,3.3907757219354435,4.12087874524856
250,259.22812422776843,-0.00901018521660005,-62.81077959337395,256.0,264.0,251.0,167.6092792991064,248.03843131235743,265.85527713577,1.991451511977638,2.9470713741574404,3.1587624255245266,1.3967439941592215,2.0669869276029806,2.2154606427980856
251,259.2304639396102,-0.00794130617039375,-62.810012920767356,250.0,224.0,245.0,265.85527713577,265.974579280443,301.65608809549093,3.1587624255245266,3.1601799152803722,3.584130158229418,2.2154606427980856,2.216454827337027,2.5138007341290938
252,259.22516744319955,-0.01036328432718398,-62.80494533359001,261.0,241.0,255.0,214.4750633443939,238.36430060124698,375.3730891107319,2.5482878451883546,2.832128082758102,4.459999523840618,1.7872921945366178,1.9863691716770604,3.128109075922769
253,259.23880422053975,-0.004129613151659617,-62.814746842499765,238.0,277.0,223.0,316.5436187960979,494.6162604980073,604.3757933901426,3.761016519457841,5.876788587937884,7.180897696013784,2.6378634899674855,4.121802170816732,5.03646494491786
254,259.22863351662016,-0.00877809132083778,-62.808714833559684,260.0,269.0,246.0,202.14610024176883,233.1771090857092,298.9589139994179,2.4018011332681626,2.770496409203198,3.5520836542759815,1.6845508353480754,1.9431425757142453,2.491324283328485
255,259.2284026891629,-0.008884369399723938,-62.8060688534635,248.0,240.0,234.0,225.7149256959314,241.30601472925966,267.1596348340311,2.681834394448585,2.867080091814728,3.1742601659910687,1.8809577141327638,2.010883456077166,2.226330290283595
256,259.22711128789365,-0.009473249855165239,-62.81009161727231,250.0,260.0,278.0,167.6092792991064,177.1132039494972,251.00119533664906,1.991451511977638,2.1043724981777334,2.982273487790298,1.3967439941592215,1.4759433662458117,2.091676627805411
257,259.21495795243686,-0.015019283605684363,-62.82444188101455,259.0,263.0,279.0,247.4829362520716,270.98360981010535,451.9377504498789,2.940471253434242,3.2196947671045186,5.369703397191221,2.062357802100599,2.258196748417547,3.766147920415661
258,259.2385773768268,-0.004232230579198632,-62.82184013160407,307.0,297.0,243.0,211.30947199884199,326.6696042065284,432.60689598686344,2.5106758364871373,3.8813285274814486,5.140023635371512,1.7609122666570185,2.722246701721073,3.605057466557199
259,259.2171880339483,-0.014001087951934383,-62.82376167396222,257.0,263.0,279.0,247.4829362520716,495.6546334489309,530.3049632443805,2.940471253434242,5.889126027677263,6.300824305661803,2.062357802100599,4.1304552787410955,4.419208027036508
260,259.2267575572672,-0.009635165896942363,-62.80923038092697,256.0,269.0,254.0,177.1132039494972,200.04816409628114,202.14610024176883,2.1043724981777334,2.3768744816744385,2.4018011332681626,1.4759433662458117,1.667068034135678,1.6845508353480754
261,259.22287910799616,-0.01140903204026201,-62.80512567818816,252.0,262.0,265.0,214.4750633443939,368.45043709518296,383.16964702249777,2.5482878451883546,4.377747957096165,4.552634413188836,1.7872921945366178,3.070420309126528,3.1930803918541515
262,259.2194647369423,-0.012969877244691978,-62.804183770298415,261.0,275.0,276.0,368.45043709518296,373.1156348677643,443.57770937920753,4.377747957096165,4.43317755620149,5.27037347643741,3.070420309126528,3.1092969572313724,3.6964809114934
263,259.2120223605523,-0.0163600279705835,-62.824432286702276,257.0,267.0,279.0,270.98360981010535,328.96301942922236,355.3228052090835,3.2196947671045186,3.90857776590026,4.221771853162176,2.258196748417547,2.7413584952435226,2.9610233767423657
264,259.2264650903824,-0.009767975442624775,-62.811744941297334,250.0,256.0,285.0,248.03843131235743,339.41960782652234,342.1387779462311,2.9470713741574404,4.032817836981109,4.065125686933467,2.0669869276029806,2.828496731887689,2.851156482885262
265,259.22367715709197,-0.011043611049736432,-62.80698598316747,269.0,261.0,252.0,354.61338385949813,383.16964702249777,434.75054903733036,4.213342855524521,4.552634413188836,5.165493472879074,2.9551115321624875,3.1930803918541515,3.622921241977757
266,259.22481075236846,-0.010519528813488013,-62.82388010409284,282.0,271.0,299.0,292.6949321384912,315.91418493962806,488.3974450432094,3.4776580842830347,3.7535378941072723,5.802899663100575,2.439124434487429,2.6326182078302365,4.069978708693416
267,259.2092035781307,-0.017648015414282472,-62.82343713119447,279.0,263.0,283.0,297.4896824576984,328.96301942922236,381.84724917137885,3.534626963408758,3.90857776590026,4.53692232844592,2.4790806871474893,2.7413584952435226,3.182060409761494
268,259.22801519333365,-0.009059204339890863,-62.813385091603536,264.0,292.0,245.0,361.1170070991293,458.89247050173805,461.3683474556553,4.290615727217881,5.452335980664956,5.4817531401681014,3.0093083924927475,3.824103920847821,3.8447362287971316
269,259.22631186082094,-0.00983915270520284,-62.808261825910336,260.0,254.0,265.0,200.04816409628114,233.1771090857092,354.61338385949813,2.3768744816744385,2.770496409203198,4.213342855524521,1.667068034135678,1.9431425757142453,2.9551115321624875
270,259.231745659198,-0.007352214046576389,-62.823697071335715,287.0,237.0,271.0,210.8328492288838,234.12459229636718,375.1892632301947,2.5050128377567247,2.781753941484994,4.457815394601072,1.7569404102407,1.9510382691363952,3.126577193584959
271,259.22785294429235,-0.009130299409488582,-62.823163666229796,287.0,266.0,270.0,265.68755203104877,315.91418493962806,375.1892632301947,3.1567695978315107,3.7535378941072723,4.457815394601072,2.2140629335920754,2.6326182078302365,3.126577193584959
272,259.22158316829547,-0.011994673566266705,-62.82138000887052,289.0,299.0,273.0,225.6833774873387,258.86153915994583,273.4727140584941,2.6814595540580957,3.0756662501542125,3.2492690868537126,1.880694812394491,2.157179492999551,2.2789392838207867
273,259.21895648262426,-0.01319473464053993,-62.8207549347111,305.0,289.0,272.0,214.60377033741827,232.09505911190192,273.4727140584941,2.5498170787542542,2.757640020431736,3.2492690868537126,1.7883647528118207,1.9341254925991846,2.2789392838207867
274,259.21577573193684,-0.014647967313800045,-62.82006599665772,305.0,273.0,280.0,261.47167291461244,325.04531848479115,341.72041491277975,3.1066785833253294,3.8620295586536857,4.060154901908877,2.1789306076217727,2.7087109873732627,2.8476701242731677
275,259.2165293322587,-0.014310837196626422,-62.805452607458506,262.0,286.0,276.0,373.1156348677643,515.2592214315864,578.9699250726919,4.43317755620149,6.122058157348237,6.879037589667264,3.1092969572313724,4.293826845263225,4.824749375605771
276,259.21615780359946,-0.01448203726187222,-62.80259308757732,262.0,275.0,261.0,443.57770937920753,578.9699250726919,804.8252444394814,5.27037347643741,6.879037589667264,9.562540073074118,3.6964809114934,4.824749375605771,6.706877036995685
277,259.23400523792253,-0.006321885827906405,-62.815834540499864,291.0,330.0,253.0,332.1829033790977,344.33013282115104,494.6162604980073,3.9468348527822386,4.0911622941976225,5.876788587937884,2.7681908614924837,2.869417773509595,4.121802170816732
278,259.22439607628763,-0.010713961926881552,-62.81003709968612,296.0,256.0,260.0,242.5116078884613,251.00119533664906,272.2550238251046,2.88140436031443,2.982273487790298,3.2348010868328045,2.0209300657371796,2.091676627805411,2.2687918652092076
279,259.2119608681572,-0.01638909202938068,-62.82267445293132,283.0,267.0,280.0,280.47527837616724,297.4896824576984,311.9057386405841,3.3324701325026522,3.534626963408758,3.705911494922852,2.3372939864680626,2.4790806871474893,2.599214488671537
280,259.2130580788959,-0.015888733973806343,-62.821214564219126,283.0,279.0,288.0,286.1697392923392,311.9057386405841,330.55869264126716,3.400128933070436,3.705911494922852,3.927536774876595,2.3847478274361626,2.599214488671537,2.7546557720105627
281,259.2218449674847,-0.01187927213578129,-62.81102525723393,285.0,296.0,294.0,262.3367032749676,295.02337503121555,302.97797547660804,3.116956451151261,3.505323504352019,3.5998361778173438,2.1861391939580654,2.4585281252601323,2.5248164623050697
282,259.22308007186336,-0.011310444096656595,-62.82266694979102,299.0,266.0,272.0,269.6942160247179,292.6949321384912,294.5796429612861,3.2043748205348415,3.4776580842830347,3.5000512968389907,2.247451800205985,2.439124434487429,2.45483035801072
283,259.2100682934495,-0.017254154217564138,-62.821589328671585,279.0,280.0,288.0,280.47527837616724,286.1697392923392,358.13694970309615,3.3324701325026522,3.400128933070436,4.2552081421967705,2.3372939864680626,2.3847478274361626,2.9844745808591377
284,259.20450774322927,-0.019794299402904284,-62.821153962581704,300.0,323.0,283.0,323.0504213574409,517.271491972195,520.8725558901477,3.838327166297401,6.145966972106946,6.1887530530096475,2.6920868446453436,4.310595766434963,4.340604632417903
285,259.2229136067087,-0.011390516880305129,-62.81222771729413,281.0,303.0,264.0,262.3367032749676,336.57461670012157,342.1387779462311,3.116956451151261,3.999015043341485,4.065125686933467,2.1861391939580654,2.804788472501016,2.851156482885262
286,259.212677955489,-0.016069960193179945,-62.80729786693489,317.0,306.0,275.0,249.26833166017252,378.0205898593127,515.2592214315864,2.961684448788394,4.4914558333645935,6.122058157348237,2.0772360971681065,3.1501715821609424,4.293826845263225
287,259.23061342530997,-0.00786958159113807,-62.82279124532251,270.0,271.0,237.0,210.8328492288838,265.68755203104877,402.9539648816749,2.5050128377567247,3.1567695978315107,4.787702005382191,1.7569404102407,2.2140629335920754,3.357949707347294
288,259.2110179319707,-0.01682137717202055,-62.81987099208201,280.0,283.0,290.0,330.55869264126716,358.13694970309615,390.16283303335456,3.927536774876595,4.2552081421967705,4.635724030381265,2.7546557720105627,2.9844745808591377,3.251356941944625
289,259.2212403583498,-0.012151714129140513,-62.820274465639315,272.0,273.0,305.0,225.6833774873387,232.09505911190192,277.1488381941915,2.6814595540580957,2.757640020431736,3.2929469965665024,1.880694812394491,1.9341254925991846,2.309573651618265
290,259.2139969438013,-0.015461315959332384,-62.818500993916466,274.0,288.0,314.0,356.46742352952043,390.16283303335456,392.9072905903227,4.235371648438448,4.635724030381265,4.668332333300039,2.9705618627460066,3.251356941944625,3.274227421586026
291,259.2304083011501,-0.007965162541351533,-62.81580286815779,277.0,330.0,268.0,332.1829033790977,471.8518250642075,536.3540184498257,3.9468348527822386,5.606312695710838,6.372696222212573,2.7681908614924837,3.9320985422017336,4.46961682041522
292,259.22367367488346,-0.011042386446578881,-62.814490642194656,303.0,302.0,315.0,266.61952853165735,385.04638068706817,438.60965507962345,3.1678428869657744,4.574932845050824,5.2113454841456575,2.2218294044304803,3.208719839058905,3.655080458996866
293,259.21776637073776,-0.01374283129395106,-62.81115564548582,294.0,295.0,322.0,240.76006433392695,283.40226697020825,352.2119478322464,2.860593376134089,3.367247179963982,4.184810166717634,2.0063338694493935,2.361685558085071,2.935099565268723
294,259.21917680320774,-0.013098815786478384,-62.81015350182393,293.0,295.0,296.0,240.76006433392695,242.2893723374031,284.7523641467016,2.860593376134089,2.878763866148351,3.3832883745487186,2.0063338694493935,2.0190781028116946,2.3729363678891824
295,259.2166379581467,-0.014259062530087071,-62.809851905690344,322.0,294.0,293.0,210.9039777172765,242.2893723374031,283.40226697020825,2.5058579516808863,2.878763866148351,3.367247179963982,1.7575331476439726,2.0190781028116946,2.361685558085071
296,259.2219806297363,-0.011817869992288826,-62.809566826048595,278.0,294.0,281.0,242.5116078884613,284.7523641467016,295.02337503121555,2.88140436031443,3.3832883745487186,3.505323504352019,2.0209300657371796,2.3729363678891824,2.4585281252601323
297,259.2419483402601,-0.002692468166238411,-62.82233162664827,243.0,258.0,192.0,293.9173121537023,326.6696042065284,335.08959350666737,3.4921818059986998,3.8813285274814486,3.9813707237889338,2.4493109346141884,2.722246701721073,2.792413279222231
298,259.22866358759995,-0.008760708311695132,-62.82094477267841,308.0,299.0,287.0,381.0060037468481,409.50647925226735,414.3763548541802,4.526927061598931,4.86555577759062,4.923417258596487,3.1750500312237375,3.4125539937688982,3.4531362904515053
299,259.2243799646871,-0.010717158641925042,-62.821471695397676,272.0,282.0,308.0,258.86153915994583,269.6942160247179,318.7873228656095,3.0756662501542125,3.2043748205348415,3.787675114258463,2.157179492999551,2.247451800205985,2.656561023880082
300,259.2058169693668,-0.019197252277687323,-62.819671260809244,323.0,284.0,312.0,231.9823954128538,323.0504213574409,334.5988057672226,2.75630140544125,3.838327166297401,3.9755394238163757,1.9331866284404504,2.6920868446453436,2.7883233813935244
301,259.20937966414556,-0.017571556397964636,-62.81679687906307,346.0,336.0,314.0,285.2529459926364,467.71017619297135,498.0921199750469,3.3892360433062247,5.557103648686747,5.918087050886464,2.3771078832719725,3.8975848016080987,4.150767666458728
302,259.2239154461048,-0.010931221180741019,-62.81639253716525,315.0,310.0,292.0,339.66890133283823,346.349215993986,385.04638068706817,4.035779820542849,4.115152053321729,4.574932845050824,2.830574177773655,2.886243466616553,3.208719839058905
303,259.221321423391,-0.01211738140855361,-62.813726026264305,292.0,285.0,315.0,266.61952853165735,336.57461670012157,474.61179496395994,3.1678428869657744,3.999015043341485,5.639105308702546,2.2218294044304803,2.804788472501016,3.955098291366337
304,259.2063556745797,-0.018955381278360686,-62.813142114475184,333.0,320.0,337.0,336.5332663898983,421.8944680934329,519.9859178652389,3.998523739171697,5.012743804478299,6.1782184534775375,2.8044438865824888,3.515787234111945,4.333215982210329
305,259.21850129956647,-0.013403125526093575,-62.81971376341715,273.0,274.0,289.0,214.60377033741827,261.47167291461244,277.1488381941915,2.5498170787542542,3.1066785833253294,3.2929469965665024,1.7883647528118207,2.1789306076217727,2.309573651618265
306,259.21390427907147,-0.015508609121324317,-62.80908201972703,317.0,322.0,327.0,158.22422550471427,241.2797665592133,279.0530289364915,1.8799428911722187,2.866768223891042,3.3155716600022296,1.318535212539287,2.0106647213267794,2.325441907804098
307,259.2370533728023,-0.004928463593088146,-62.82106014752522,258.0,340.0,297.0,211.30947199884199,262.6996151019165,519.8698819046033,2.5106758364871373,3.121268392050441,6.176839770923578,1.7609122666570185,2.1891634591826397,4.332249015871699
308,259.22517672891166,-0.01035376511672793,-62.819936824140825,329.0,299.0,309.0,311.2936480281297,318.7873228656095,346.3034417277969,3.698638933518514,3.787675114258463,4.11460818587004,2.5941137335677507,2.656561023880082,2.8858620143983105
309,259.2229194731364,-0.01138538280542009,-62.8185687348231,329.0,310.0,308.0,305.89146474646407,316.79681311143247,346.3034417277969,3.6344528329085652,3.7640248505252236,4.11460818587004,2.54909553955387,2.6399734425952732,2.8858620143983105
310,259.22078935242905,-0.012358958495156698,-62.81734029545857,315.0,318.0,309.0,268.33847561749093,313.18735016814765,316.79681311143247,3.1882665758415194,3.7211389765098333,3.7640248505252236,2.2361539634790937,2.6098945847345667,2.6399734425952732
311,259.1970023542539,-0.02322827811322209,-62.81387469134982,326.0,337.0,332.0,267.1066470589094,356.2997898287376,483.5548611039096,3.1736305911529468,4.23337990676234,5.745362448286905,2.225888725490914,2.969164915239483,4.029623842532584
312,259.2031307592068,-0.02042506396541729,-62.81856073129397,323.0,331.0,324.0,164.4900550425561,310.07848920305355,329.1998217810715,1.9543904143589361,3.6842010104535716,3.911391335671586,1.3707504586879689,2.583987410025449,2.7433318481755986
313,259.19723928959996,-0.02311710559769142,-62.81759251103255,324.0,332.0,331.0,348.2462281254533,454.8774595687447,576.3167255821271,4.137691424013186,5.404631583709418,6.847513570477165,2.9020519010454473,3.79064549640621,4.8026393798510645
314,259.21475510355486,-0.015115963260750537,-62.81658787994922,318.0,325.0,290.0,275.6825700886319,369.09019134306953,392.9072905903227,3.2755255157988987,4.385349204291879,4.668332333300039,2.297354750738602,3.075751594525583,3.274227421586026
315,259.2203237031032,-0.012572240380435404,-62.81602984731642,310.0,302.0,325.0,268.33847561749093,339.66890133283823,342.81570813515964,3.1882665758415194,4.035779820542849,4.073168640485218,2.2361539634790937,2.830574177773655,2.856797567793
316,259.2118521753765,-0.01644522534112455,-62.811062884445356,327.0,321.0,322.0,220.65522959101355,277.06233666934406,296.9039963506737,2.6217175590297974,3.2919192277391067,3.5276681274286976,1.838793579925115,2.3088528055778696,2.47419996958895
317,259.2126875411673,-0.016064906576070577,-62.80853119194082,306.0,286.0,327.0,158.22422550471427,249.26833166017252,308.88747231078696,1.8799428911722187,2.961684448788394,3.670049930031213,1.318535212539287,2.0772360971681065,2.5740622692565607
318,259.21740900196596,-0.013903260169109085,-62.81721231925616,314.0,310.0,315.0,275.6825700886319,313.18735016814765,359.8367570892402,3.2755255157988987,3.7211389765098333,4.275404422518259,2.297354750738602,2.6098945847345667,2.9986396424103385
319,259.2130731559772,-0.01588621365071489,-62.813126012758,336.0,316.0,325.0,359.1753074578535,432.0123347614234,555.0142394139908,4.267545401382731,5.132959349573511,6.5944078446735706,2.993127562148782,3.600102789678532,4.625118661783262
320,259.2042117073382,-0.01993619503801922,-62.81129942934362,333.0,338.0,304.0,214.93146422270834,281.46951596753615,421.8944680934329,2.5537105772887965,3.3442831774777058,5.012743804478299,1.7910955351892381,2.3455792997294704,3.515787234111945
321,259.20923713334344,-0.017640508822230814,-62.81039166075165,327.0,338.0,316.0,233.92919354475933,250.9666751266513,277.06233666934406,2.779432309049396,2.9818633355321333,3.2919192277391067,1.94940994620633,2.091388959388763,2.3088528055778696
322,259.21451950482736,-0.015226877286895497,-62.810242109362854,295.0,306.0,327.0,210.9039777172765,241.2797665592133,274.673863686386,2.5058579516808863,2.866768223891042,3.2635405594868483,1.7575331476439726,2.0106647213267794,2.288948864053219
323,259.2049101426294,-0.019612197318513748,-62.8186010818752,312.0,300.0,331.0,164.4900550425561,231.9823954128538,348.3998007681821,1.9543904143589361,2.75630140544125,4.1395160990719875,1.3707504586879689,1.9331866284404504,2.9033316730681875
324,259.2009466096169,-0.021423741741080953,-62.81727398955389,331.0,332.0,312.0,228.14077627329013,310.3876904245147,329.1998217810715,2.7106571650035005,3.687874788197614,3.911391335671586,1.901173135610753,2.5865640868709585,2.7433318481755986
325,259.21717309321406,-0.014012020575284098,-62.815133132556426,315.0,314.0,318.0,342.81570813515964,369.09019134306953,420.7971296210243,4.073168640485218,4.385349204291879,4.999705765241045,2.856797567793,3.075751594525583,3.5066427468418726
326,259.1967937429513,-0.023324633612579405,-62.8125566124234,311.0,337.0,348.0,267.1066470589094,428.0748979489088,537.3856211955709,3.1736305911529468,5.086176650391292,6.384953221683995,2.225888725490914,3.5672908162409107,4.478213509963096
327,259.2116026805048,-0.016559836938222317,-62.80997715416625,316.0,321.0,322.0,220.65522959101355,233.92919354475933,274.673863686386,2.6217175590297974,2.779432309049396,3.2635405594868483,1.838793579925115,1.94940994620633,2.288948864053219
328,259.20729222396875,-0.0185302328504558,-62.80876548404839,338.0,345.0,321.0,335.7720489639773,349.7506874528566,374.6418272544814,3.989479325878272,4.1555666742069395,4.451311027980656,2.798100408033147,2.9145890621071415,3.122015227120682
329,259.226226086762,-0.00987492192877547,-62.818472923846684,309.0,308.0,302.0,305.89146474646407,311.2936480281297,471.5590471549463,3.6344528329085652,3.698638933518514,5.602834051732951,2.54909553955387,2.5941137335677507,3.9296587262912235
330,259.23383048807494,-0.006401350422643714,-62.81753637050547,341.0,277.0,291.0,266.4898477243331,344.33013282115104,471.8518250642075,3.166302083014464,4.0911622941976225,5.606312695710838,2.2207487310361116,2.869417773509595,3.9320985422017336
331,259.2033595128005,-0.020321624265669306,-62.817030009119875,324.0,312.0,323.0,228.14077627329013,310.07848920305355,348.3998007681821,2.7106571650035005,3.6842010104535716,4.1395160990719875,1.901173135610753,2.583987410025449,2.9033316730681875
332,259.20016478716605,-0.021782006943192676,-62.81578061993025,324.0,331.0,337.0,310.3876904245147,388.4330720062556,443.25731831135414,3.687874788197614,4.615171855542371,5.266566746409282,2.5865640868709585,3.2369422667188,3.6938109859279553
333,259.2032538749356,-0.02037317908868302,-62.81226894221377,320.0,304.0,337.0,214.93146422270834,336.5332663898983,351.79037511755223,2.5537105772887965,3.998523739171697,4.17980124582974,1.7910955351892381,2.8044438865824888,2.9315864593129386
334,259.20190542642126,-0.020992495038577984,-62.80778224944981,344.0,345.0,349.0,330.3713204978115,399.6099455208865,511.94178339104457,3.9253105106748296,4.7479700022379,6.082641980455431,2.7530943374817656,3.3300828793407247,4.266181528258709
335,259.24278537706437,-0.0023104944127936896,-62.817953042616814,342.0,339.0,176.0,371.5787695914418,634.3021869611313,646.2045978314783,4.41491727436604,7.536468473325163,7.677887100164029,3.096489746595352,5.2858515580094325,5.3850383152623245
336,259.21211612974423,-0.016322517791265933,-62.814848757476355,319.0,314.0,301.0,359.1753074578535,427.79970462524534,467.71017619297135,4.267545401382731,5.082906937862323,5.557103648686747,2.993127562148782,3.564997538543715,3.8975848016080987
337,259.20081678640474,-0.02148572571418545,-62.81360756654822,333.0,311.0,326.0,351.79037511755223,356.2997898287376,428.0748979489088,4.17980124582974,4.23337990676234,5.086176650391292,2.9315864593129386,2.969164915239483,3.5672908162409107
338,259.2065196137424,-0.018882244649573436,-62.81038910330706,321.0,320.0,328.0,250.9666751266513,281.46951596753615,335.7720489639773,2.9818633355321333,3.3442831774777058,3.989479325878272,2.091388959388763,2.3455792997294704,2.798100408033147
339,259.2463566195945,-0.0006790203248175145,-62.82063407545947,193.0,131.0,109.0,136.73791066990924,182.72426609546147,235.21386079287637,1.6246530030256252,2.1710403953318056,2.794696097214044,1.1394825889159115,1.5227022174621805,1.9601155066073053
340,259.2354382339374,-0.005666418226536199,-62.81999015710455,341.0,307.0,258.0,261.1254055924849,262.6996151019165,473.0951089127399,3.102564404294891,3.121268392050441,5.621084786554083,2.1760450466040435,2.1891634591826397,3.942459240939503
341,259.2341146174605,-0.006271273149686429,-62.81884848297222,340.0,330.0,307.0,261.1254055924849,266.4898477243331,522.9355451872859,3.102564404294891,3.166302083014464,6.213264483236896,2.1760450466040435,2.2207487310361116,4.357796209894054
342,259.24233731552107,-0.0025150213497136444,-62.819780136414856,335.0,339.0,297.0,371.5787695914418,409.2453617592088,516.9250487394913,4.41491727436604,4.862453307199185,6.141850702993045,3.096489746595352,3.410378014660077,4.307708739495766
343,259.19965514254164,-0.02201900915872306,-62.81020723604077,348.0,320.0,347.0,439.73938098550235,475.3218596592278,480.5231004881081,5.224768335033096,5.6475419502590665,5.709340550886357,3.664494841545857,3.961015497160236,4.004359170734238
344,259.1986837237331,-0.022465280636232807,-62.80707310892127,349.0,334.0,347.0,204.62923356466254,330.3713204978115,400.73622506260983,2.4313045093998267,3.9253105106748296,4.761351905111378,1.7052436130388564,2.7530943374817656,3.3394685421884187
345,259.2059980693141,-0.019122668396080088,-62.8071395489816,328.0,334.0,286.0,349.7506874528566,399.6099455208865,617.8093486872575,4.1555666742069395,4.7479700022379,7.340508632350633,2.9145890621071415,3.3300828793407247,5.148411239060485
346,259.20663542543224,-0.01882564089116843,-62.81614937004378,301.0,331.0,323.0,285.2529459926364,350.8495348951437,520.3892777822981,3.3892360433062247,4.1686226422865476,6.183010978808222,2.3771078832719725,2.9237461241262004,4.336577314852489
347,259.1958629683671,-0.023753115773441167,-62.80858071088387,348.0,344.0,343.0,308.1612874795145,400.73622506260983,480.5231004881081,3.661421756899867,4.761351905111378,5.709340550886357,2.568010728995957,3.3394685421884187,4.004359170734238
348,259.19490762077675,-0.024188475062666363,-62.81004196219988,347.0,343.0,326.0,308.1612874795145,439.73938098550235,537.3856211955709,3.661421756899867,5.224768335033096,6.384953221683995,2.568010728995957,3.664494841545857,4.478213509963096
349,259.1975935904479,-0.022964145885474668,-62.806192071449054,344.0,347.0,334.0,204.62923356466254,508.4188270314872,511.94178339104457,2.4313045093998267,6.040783935374575,6.082641980455431,1.7052436130388564,4.236823558595731,4.266181528258709
